Time(s),X,Y,Z,Pitch,Yaw,FL,FR,RL,RR,Vx,Vy,Vz,Hor_Speed
0.1,0.42426406871192857,0.42426406871192857,100.0,-0.0,0.79,2160,2160,2160,2160,4.24,4.24,0.0,20
0.2,0.9333809511662428,0.9333809511662428,100.0,-0.0,0.79,2220,2220,2220,2220,5.09,5.09,0.0,20
0.3,1.5443212101114199,1.5443212101114199,100.0,-0.0,0.79,2280,2280,2280,2280,6.11,6.11,0.0,20
0.4,2.2774495208456322,2.2774495208456322,100.0,-0.0,0.79,2340,2340,2340,2340,7.33,7.33,0.0,20
0.5,3.157203493726687,3.157203493726687,100.0,-0.0,0.79,2400,2400,2400,2400,8.8,8.8,0.0,20
0.6,4.212908261183953,4.212908261183953,100.0,-0.0,0.79,2460,2460,2460,2460,10.56,10.56,0.0,20
0.7,5.479753982132673,5.479753982132673,100.0,-0.0,0.79,2520,2520,2520,2520,12.67,12.67,0.0,20
0.8,6.8939675445057675,6.8939675445057675,100.0,-0.0,0.79,2580,2580,2580,2580,14.14,14.14,0.0,20
0.9,8.308181106878862,8.308181106878862,100.0,-0.0,0.79,2640,2640,2640,2640,14.14,14.14,0.0,20
1.0,9.722394669251958,9.722394669251958,100.0,-0.0,0.79,2700,2700,2700,2700,14.14,14.14,0.0,20
1.1,11.136608231625054,11.136608231625054,100.0,-0.0,0.79,2760,2760,2760,2760,14.14,14.14,0.0,20
1.2,12.55082179399815,12.55082179399815,100.0,-0.0,0.79,2820,2820,2820,2820,14.14,14.14,0.0,20
1.3,13.965035356371246,13.965035356371246,100.0,-0.0,0.79,2880,2880,2880,2880,14.14,14.14,0.0,20
1.4,15.379248918744342,15.379248918744342,100.0,-0.0,0.79,2940,2940,2940,2940,14.14,14.14,0.0,20
1.5,16.793462481117437,16.793462481117437,100.0,-0.0,0.79,3000,3000,3000,3000,14.14,14.14,0.0,20
1.6,18.207676043490533,18.207676043490533,100.0,-0.0,0.79,3060,3060,3060,3060,14.14,14.14,0.0,20
1.7,19.62188960586363,19.62188960586363,100.0,-0.0,0.79,3120,3120,3120,3120,14.14,14.14,0.0,20
1.8,21.036103168236725,21.036103168236725,100.0,-0.0,0.79,3060,3060,3060,3060,14.14,14.14,0.0,20
1.9,22.45031673060982,22.45031673060982,100.0,-0.0,0.79,3120,3120,3120,3120,14.14,14.14,0.0,20
2.0,23.864530292982916,23.864530292982916,100.0,-0.0,0.79,3060,3060,3060,3060,14.14,14.14,0.0,20
2.1,25.278743855356012,25.278743855356012,100.0,-0.0,0.79,3120,3120,3120,3120,14.14,14.14,0.0,20
2.2,26.692957417729108,26.692957417729108,100.0,-0.0,0.79,3060,3060,3060,3060,14.14,14.14,0.0,20
2.3,28.107170980102204,28.107170980102204,100.0,-0.0,0.79,3120,3120,3120,3120,14.14,14.14,0.0,20
2.4,29.5213845424753,29.5213845424753,100.0,-0.0,0.79,3060,3060,3060,3060,14.14,14.14,0.0,20
2.5,30.935598104848395,30.935598104848395,100.0,-0.0,0.79,3120,3120,3120,3120,14.14,14.14,0.0,20
2.6,32.34981166722149,32.34981166722149,100.0,-0.0,0.79,3060,3060,3060,3060,14.14,14.14,0.0,20
2.7,33.76402522959458,33.76402522959458,100.0,-0.0,0.79,3120,3120,3120,3120,14.14,14.14,0.0,20
2.8,35.17823879196767,35.17823879196767,100.0,-0.0,0.79,3060,3060,3060,3060,14.14,14.14,0.0,20
2.9,36.592452354340764,36.592452354340764,100.0,-0.0,0.79,3120,3120,3120,3120,14.14,14.14,0.0,20
3.0,38.00666591671386,38.00666591671386,100.0,-0.0,0.79,3060,3060,3060,3060,14.14,14.14,0.0,20
3.1,39.42087947908695,39.42087947908695,100.0,-0.0,0.79,3120,3120,3120,3120,14.14,14.14,0.0,20
3.2,40.83509304146004,40.83509304146004,100.0,-0.0,0.79,3060,3060,3060,3060,14.14,14.14,0.0,20
3.3,42.24930660383313,42.24930660383313,100.0,-0.0,0.79,3120,3120,3120,3120,14.14,14.14,0.0,20
3.4,43.663520166206226,43.663520166206226,100.0,-0.0,0.79,3060,3060,3060,3060,14.14,14.14,0.0,20
3.5,45.07773372857932,45.07773372857932,100.0,-0.0,0.79,3120,3120,3120,3120,14.14,14.14,0.0,20
3.6,46.49194729095241,46.49194729095241,100.0,-0.0,0.79,3060,3060,3060,3060,14.14,14.14,0.0,20
3.7,47.9061608533255,47.9061608533255,100.0,-0.0,0.79,3120,3120,3120,3120,14.14,14.14,0.0,20
3.8,49.320374415698595,49.320374415698595,100.0,-0.0,0.79,3060,3060,3060,3060,14.14,14.14,0.0,20
3.9,50.73458797807169,50.73458797807169,100.0,-0.0,0.79,3120,3120,3120,3120,14.14,14.14,0.0,20
4.0,52.14880154044478,52.14880154044478,100.0,-0.0,0.79,3060,3060,3060,3060,14.14,14.14,0.0,20
4.1,53.56301510281787,53.56301510281787,100.0,-0.0,0.79,3120,3120,3120,3120,14.14,14.14,0.0,20
4.2,54.977228665190964,54.977228665190964,100.0,-0.0,0.79,3060,3060,3060,3060,14.14,14.14,0.0,20
4.3,56.391442227564056,56.391442227564056,100.0,-0.0,0.79,3120,3120,3120,3120,14.14,14.14,0.0,20
4.4,57.80565578993715,57.80565578993715,100.0,-0.0,0.79,3060,3060,3060,3060,14.14,14.14,0.0,20
4.5,59.21986935231024,59.21986935231024,100.0,-0.0,0.79,3120,3120,3120,3120,14.14,14.14,0.0,20
4.6,60.63408291468333,60.63408291468333,100.0,-0.0,0.79,3060,3060,3060,3060,14.14,14.14,0.0,20
4.7,62.048296477056425,62.048296477056425,100.0,-0.0,0.79,3120,3120,3120,3120,14.14,14.14,0.0,20
4.8,63.46251003942952,63.46251003942952,100.0,-0.0,0.79,3060,3060,3060,3060,14.14,14.14,0.0,20
4.9,64.87672360180261,64.87672360180261,100.0,-0.0,0.79,3120,3120,3120,3120,14.14,14.14,0.0,20
5.0,66.2909371641757,66.2909371641757,100.0,-0.0,0.79,3060,3060,3060,3060,14.14,14.14,0.0,20
5.1,67.7051507265488,67.7051507265488,100.0,-0.0,0.79,3120,3120,3120,3120,14.14,14.14,0.0,20
5.2,69.11936428892189,69.11936428892189,100.0,-0.0,0.79,3060,3060,3060,3060,14.14,14.14,0.0,20
5.3,70.53357785129498,70.53357785129498,100.0,-0.0,0.79,3120,3120,3120,3120,14.14,14.14,0.0,20
5.4,71.94779141366807,71.94779141366807,100.0,-0.0,0.79,3060,3060,3060,3060,14.14,14.14,0.0,20
5.5,73.36200497604116,73.36200497604116,100.0,-0.0,0.79,3120,3120,3120,3120,14.14,14.14,0.0,20
5.6,74.77621853841426,74.77621853841426,100.0,-0.0,0.79,3060,3060,3060,3060,14.14,14.14,0.0,20
5.7,76.19043210078735,76.19043210078735,100.0,-0.0,0.79,3120,3120,3120,3120,14.14,14.14,0.0,20
5.8,77.60464566316044,77.60464566316044,100.0,-0.0,0.79,3060,3060,3060,3060,14.14,14.14,0.0,20
5.9,79.01885922553353,79.01885922553353,100.0,-0.0,0.79,3120,3120,3120,3120,14.14,14.14,0.0,20
6.0,80.43307278790662,80.43307278790662,100.0,-0.0,0.79,3060,3060,3060,3060,14.14,14.14,0.0,20
6.1,81.84728635027972,81.84728635027972,100.0,-0.0,0.79,3120,3120,3120,3120,14.14,14.14,0.0,20
6.2,83.26149991265281,83.26149991265281,100.0,-0.0,0.79,3060,3060,3060,3060,14.14,14.14,0.0,20
6.3,84.6757134750259,84.6757134750259,100.0,-0.0,0.79,3120,3120,3120,3120,14.14,14.14,0.0,20
6.4,86.089927037399,86.089927037399,100.0,-0.0,0.79,3060,3060,3060,3060,14.14,14.14,0.0,20
6.5,87.50414059977209,87.50414059977209,100.0,-0.0,0.79,3120,3120,3120,3120,14.14,14.14,0.0,20
6.6,88.91835416214518,88.91835416214518,100.0,-0.0,0.79,3060,3060,3060,3060,14.14,14.14,0.0,20
6.7,90.33256772451827,90.33256772451827,100.0,-0.0,0.79,3120,3120,3120,3120,14.14,14.14,0.0,20
6.8,91.74678128689136,91.74678128689136,100.0,-0.0,0.79,3060,3060,3060,3060,14.14,14.14,0.0,20
6.9,93.16099484926445,93.16099484926445,100.0,-0.0,0.79,3120,3120,3120,3120,14.14,14.14,0.0,20
7.0,94.57520841163755,94.57520841163755,100.0,-0.0,0.79,3060,3060,3060,3060,14.14,14.14,0.0,20
7.1,95.98942197401064,95.98942197401064,100.0,-0.0,0.79,3120,3120,3120,3120,14.14,14.14,0.0,20
7.2,97.40363553638373,97.40363553638373,100.0,-0.0,0.79,3060,3060,3060,3060,14.14,14.14,0.0,20
7.3,98.81784909875682,98.81784909875682,100.0,-0.0,0.79,3120,3120,3120,3120,14.14,14.14,0.0,20
7.4,100.23206266112992,100.23206266112992,100.0,-0.0,0.79,3060,3060,3060,3060,14.14,14.14,0.0,20
7.5,101.64627622350301,101.64627622350301,100.0,-0.0,0.79,3120,3120,3120,3120,14.14,14.14,0.0,20
7.6,103.0604897858761,103.0604897858761,100.0,-0.0,0.79,3060,3060,3060,3060,14.14,14.14,0.0,20
7.7,104.4747033482492,104.4747033482492,100.0,-0.0,0.79,3120,3120,3120,3120,14.14,14.14,0.0,20
7.8,105.88891691062229,105.88891691062229,100.0,-0.0,0.79,3060,3060,3060,3060,14.14,14.14,0.0,20
7.9,107.30313047299538,107.30313047299538,100.0,-0.0,0.79,3120,3120,3120,3120,14.14,14.14,0.0,20
8.0,108.71734403536847,108.71734403536847,100.0,-0.0,0.79,3060,3060,3060,3060,14.14,14.14,0.0,20
8.1,110.13155759774156,110.13155759774156,100.0,-0.0,0.79,3120,3120,3120,3120,14.14,14.14,0.0,20
8.2,111.54577116011465,111.54577116011465,100.0,-0.0,0.79,3060,3060,3060,3060,14.14,14.14,0.0,20
8.3,112.95998472248775,112.95998472248775,100.0,-0.0,0.79,3120,3120,3120,3120,14.14,14.14,0.0,20
8.4,114.37419828486084,114.37419828486084,100.0,-0.0,0.79,3060,3060,3060,3060,14.14,14.14,0.0,20
8.5,115.78841184723393,115.78841184723393,100.0,-0.0,0.79,3120,3120,3120,3120,14.14,14.14,0.0,20
8.6,117.20262540960702,117.20262540960702,100.0,-0.0,0.79,3060,3060,3060,3060,14.14,14.14,0.0,20
8.7,118.52511806746737,118.52511806746737,100.0,-0.0,0.79,3022,3022,3022,3022,13.22,13.22,0.0,20
8.8,119.67127837094634,119.67127837094634,100.0,-0.0,0.79,2962,2962,2962,2962,11.46,11.46,0.0,20
8.9,120.66461730062811,120.66461730062811,100.0,-0.0,0.79,2973,2973,2973,2973,9.93,9.93,0.0,20
9.0,121.52551103968565,121.52551103968565,100.0,-0.0,0.79,2913,2913,2913,2913,8.61,8.61,0.0,20
9.1,122.64467290046045,122.64467290046045,100.0,-0.0,0.79,2973,2973,2973,2973,11.19,11.19,0.0,20
9.2,123.54000238908029,123.54000238908029,100.0,-0.0,0.79,2913,2913,2913,2913,8.95,8.95,0.0,20
9.3,124.25626597997616,124.25626597997616,100.0,-0.0,0.79,2853,2853,2853,2853,7.16,7.16,0.0,20
9.4,124.82927685269286,124.82927685269286,100.0,-0.0,0.79,2851,2851,2851,2851,5.73,5.73,0.0,20
9.5,125.28768555086621,125.28768555086621,100.0,-0.0,0.79,2791,2791,2791,2791,4.58,4.58,0.0,20
9.6,125.76948672975139,125.76948672975139,100.0,-0.0,0.79,2851,2851,2851,2851,4.82,4.82,0.0,20
9.7,126.3476481444136,126.3476481444136,100.0,-0.0,0.79,2864,2864,2864,2864,5.78,5.78,0.0,20
9.8,127.04144184200824,127.04144184200824,100.0,-0.0,0.79,2924,2924,2924,2924,6.94,6.94,0.0,20
9.9,127.87399427912182,127.87399427912182,100.0,-0.0,0.79,2913,2913,2913,2913,8.33,8.33,0.0,20
10.0,128.8730572036581,128.8730572036581,100.0,-0.0,0.79,2973,2973,2973,2973,9.99,9.99,0.0,20
10.1,130.07193271310166,130.07193271310166,100.0,-0.0,0.79,3033,3033,3033,3033,11.99,11.99,0.0,20
10.2,131.48614627547477,131.48614627547477,100.0,-0.0,0.79,3093,3093,3093,3093,14.14,14.14,0.0,20
10.3,132.90035983784787,132.90035983784787,100.0,-0.0,0.79,3033,3033,3033,3033,14.14,14.14,0.0,20
10.4,134.31457340022098,134.31457340022098,100.0,-0.0,0.79,3093,3093,3093,3093,14.14,14.14,0.0,20
10.5,135.72878696259409,135.72878696259409,100.0,-0.0,0.79,3033,3033,3033,3033,14.14,14.14,0.0,20
10.6,137.1430005249672,137.1430005249672,100.0,-0.0,0.79,3093,3093,3093,3093,14.14,14.14,0.0,20
10.7,138.5572140873403,138.5572140873403,100.0,-0.0,0.79,3033,3033,3033,3033,14.14,14.14,0.0,20
10.8,139.9714276497134,139.9714276497134,100.0,-0.0,0.79,3093,3093,3093,3093,14.14,14.14,0.0,20
10.9,141.3856412120865,141.3856412120865,100.0,-0.0,0.79,3033,3033,3033,3033,14.14,14.14,0.0,20
11.0,142.79985477445962,142.79985477445962,100.0,-0.0,0.79,3093,3093,3093,3093,14.14,14.14,0.0,20
11.1,144.21406833683272,144.21406833683272,100.0,-0.0,0.79,3033,3033,3033,3033,14.14,14.14,0.0,20
11.2,145.62828189920583,145.62828189920583,100.0,-0.0,0.79,3093,3093,3093,3093,14.14,14.14,0.0,20
11.3,147.04249546157894,147.04249546157894,100.0,-0.0,0.79,3033,3033,3033,3033,14.14,14.14,0.0,20
11.4,148.45670902395204,148.45670902395204,100.0,-0.0,0.79,3093,3093,3093,3093,14.14,14.14,0.0,20
11.5,149.87092258632515,149.87092258632515,100.0,-0.0,0.79,3033,3033,3033,3033,14.14,14.14,0.0,20
11.6,151.28513614869826,151.28513614869826,100.0,-0.0,0.79,3093,3093,3093,3093,14.14,14.14,0.0,20
11.7,152.69934971107136,152.69934971107136,100.0,-0.0,0.79,3033,3033,3033,3033,14.14,14.14,0.0,20
11.8,154.11356327344447,154.11356327344447,100.0,-0.0,0.79,3093,3093,3093,3093,14.14,14.14,0.0,20
11.9,155.52777683581758,155.52777683581758,100.0,-0.0,0.79,3033,3033,3033,3033,14.14,14.14,0.0,20
12.0,156.94199039819068,156.94199039819068,100.0,-0.0,0.79,3093,3093,3093,3093,14.14,14.14,0.0,20
12.1,158.3562039605638,158.3562039605638,100.0,-0.0,0.79,3033,3033,3033,3033,14.14,14.14,0.0,20
12.2,159.7704175229369,159.7704175229369,100.0,-0.0,0.79,3093,3093,3093,3093,14.14,14.14,0.0,20
12.3,161.18463108531,161.18463108531,100.0,-0.0,0.79,3033,3033,3033,3033,14.14,14.14,0.0,20
12.4,162.5988446476831,162.5988446476831,100.0,-0.0,0.79,3093,3093,3093,3093,14.14,14.14,0.0,20
12.5,164.01305821005622,164.01305821005622,100.0,-0.0,0.79,3033,3033,3033,3033,14.14,14.14,0.0,20
12.6,165.42727177242932,165.42727177242932,100.0,-0.0,0.79,3093,3093,3093,3093,14.14,14.14,0.0,20
12.7,166.84148533480243,166.84148533480243,100.0,-0.0,0.79,3033,3033,3033,3033,14.14,14.14,0.0,20
12.8,168.25569889717553,168.25569889717553,100.0,-0.0,0.79,3093,3093,3093,3093,14.14,14.14,0.0,20
12.9,169.66991245954864,169.66991245954864,100.0,-0.0,0.79,3033,3033,3033,3033,14.14,14.14,0.0,20
13.0,171.08412602192175,171.08412602192175,100.0,-0.0,0.79,3093,3093,3093,3093,14.14,14.14,0.0,20
13.1,172.49833958429485,172.49833958429485,100.0,-0.0,0.79,3033,3033,3033,3033,14.14,14.14,0.0,20
13.2,173.91255314666796,173.91255314666796,100.0,-0.0,0.79,3093,3093,3093,3093,14.14,14.14,0.0,20
13.3,175.32676670904107,175.32676670904107,100.0,-0.0,0.79,3033,3033,3033,3033,14.14,14.14,0.0,20
13.4,176.74098027141417,176.74098027141417,100.0,-0.0,0.79,3093,3093,3093,3093,14.14,14.14,0.0,20
13.5,178.15519383378728,178.15519383378728,100.0,-0.0,0.79,3033,3033,3033,3033,14.14,14.14,0.0,20
13.6,179.5694073961604,179.5694073961604,100.0,-0.0,0.79,3093,3093,3093,3093,14.14,14.14,0.0,20
13.7,180.9836209585335,180.9836209585335,100.0,-0.0,0.79,3033,3033,3033,3033,14.14,14.14,0.0,20
13.8,182.3978345209066,182.3978345209066,100.0,-0.0,0.79,3093,3093,3093,3093,14.14,14.14,0.0,20
13.9,183.8120480832797,183.8120480832797,100.0,-0.0,0.79,3033,3033,3033,3033,14.14,14.14,0.0,20
14.0,185.2262616456528,185.2262616456528,100.0,-0.0,0.79,3093,3093,3093,3093,14.14,14.14,0.0,20
14.1,186.64047520802592,186.64047520802592,100.0,-0.0,0.79,3033,3033,3033,3033,14.14,14.14,0.0,20
14.2,188.05468877039903,188.05468877039903,100.0,-0.0,0.79,3093,3093,3093,3093,14.14,14.14,0.0,20
14.3,189.46890233277213,189.46890233277213,100.0,-0.0,0.79,3033,3033,3033,3033,14.14,14.14,0.0,20
14.4,190.88311589514524,190.88311589514524,100.0,-0.0,0.79,3093,3093,3093,3093,14.14,14.14,0.0,20
14.5,192.29732945751834,192.29732945751834,100.0,-0.0,0.79,3033,3033,3033,3033,14.14,14.14,0.0,20
14.6,193.71154301989145,193.71154301989145,100.0,-0.0,0.79,3093,3093,3093,3093,14.14,14.14,0.0,20
14.7,195.12575658226456,195.12575658226456,100.0,-0.0,0.79,3033,3033,3033,3033,14.14,14.14,0.0,20
14.8,196.53997014463766,196.53997014463766,100.0,-0.0,0.79,3093,3093,3093,3093,14.14,14.14,0.0,20
14.9,197.95418370701077,197.95418370701077,100.0,-0.0,0.79,3033,3033,3033,3033,14.14,14.14,0.0,20
15.0,199.36839726938388,199.36839726938388,100.0,-0.0,0.79,3093,3093,3093,3093,14.14,14.14,0.0,20
15.1,200.78261083175698,200.78261083175698,100.0,-0.0,0.79,3033,3033,3033,3033,14.14,14.14,0.0,20
15.2,202.1968243941301,202.1968243941301,100.0,-0.0,0.79,3093,3093,3093,3093,14.14,14.14,0.0,20
15.3,203.6110379565032,203.6110379565032,100.0,-0.0,0.79,3033,3033,3033,3033,14.14,14.14,0.0,20
15.4,205.0252515188763,205.0252515188763,100.0,-0.0,0.79,3093,3093,3093,3093,14.14,14.14,0.0,20
15.5,206.4394650812494,206.4394650812494,100.0,-0.0,0.79,3033,3033,3033,3033,14.14,14.14,0.0,20
15.6,207.85367864362252,207.85367864362252,100.0,-0.0,0.79,3093,3093,3093,3093,14.14,14.14,0.0,20
15.7,209.26789220599562,209.26789220599562,100.0,-0.0,0.79,3033,3033,3033,3033,14.14,14.14,0.0,20
15.8,210.68210576836873,210.68210576836873,100.0,-0.0,0.79,3093,3093,3093,3093,14.14,14.14,0.0,20
15.9,212.09631933074184,212.09631933074184,100.0,-0.0,0.79,3033,3033,3033,3033,14.14,14.14,0.0,20
16.0,213.51053289311494,213.51053289311494,100.0,-0.0,0.79,3093,3093,3093,3093,14.14,14.14,0.0,20
16.1,214.92474645548805,214.92474645548805,100.0,-0.0,0.79,3033,3033,3033,3033,14.14,14.14,0.0,20
16.2,216.33896001786115,216.33896001786115,100.0,-0.0,0.79,3093,3093,3093,3093,14.14,14.14,0.0,20
16.3,217.75317358023426,217.75317358023426,100.0,-0.0,0.79,3033,3033,3033,3033,14.14,14.14,0.0,20
16.4,219.16738714260737,219.16738714260737,100.0,-0.0,0.79,3093,3093,3093,3093,14.14,14.14,0.0,20
16.5,220.58160070498047,220.58160070498047,100.0,-0.0,0.79,3033,3033,3033,3033,14.14,14.14,0.0,20
16.6,221.99581426735358,221.99581426735358,100.0,-0.0,0.79,3093,3093,3093,3093,14.14,14.14,0.0,20
16.7,223.4100278297267,223.4100278297267,100.0,-0.0,0.79,3033,3033,3033,3033,14.14,14.14,0.0,20
16.8,224.8242413920998,224.8242413920998,100.0,-0.0,0.79,3093,3093,3093,3093,14.14,14.14,0.0,20
16.9,226.2384549544729,226.2384549544729,100.0,-0.0,0.79,3033,3033,3033,3033,14.14,14.14,0.0,20
17.0,227.652668516846,227.652668516846,100.0,-0.0,0.79,3093,3093,3093,3093,14.14,14.14,0.0,20
17.1,229.0668820792191,229.0668820792191,100.0,-0.0,0.79,3033,3033,3033,3033,14.14,14.14,0.0,20
17.2,230.48109564159222,230.48109564159222,100.0,-0.0,0.79,3093,3093,3093,3093,14.14,14.14,0.0,20
17.3,231.89530920396533,231.89530920396533,100.0,-0.0,0.79,3033,3033,3033,3033,14.14,14.14,0.0,20
17.4,233.30952276633843,233.30952276633843,100.0,-0.0,0.79,3093,3093,3093,3093,14.14,14.14,0.0,20
17.5,234.72373632871154,234.72373632871154,100.0,-0.0,0.79,3033,3033,3033,3033,14.14,14.14,0.0,20
17.6,236.13794989108465,236.13794989108465,100.0,-0.0,0.79,3093,3093,3093,3093,14.14,14.14,0.0,20
17.7,237.55216345345775,237.55216345345775,100.0,-0.0,0.79,3033,3033,3033,3033,14.14,14.14,0.0,20
17.8,238.96637701583086,238.96637701583086,100.0,-0.0,0.79,3093,3093,3093,3093,14.14,14.14,0.0,20
17.9,240.38059057820396,240.38059057820396,100.0,-0.0,0.79,3033,3033,3033,3033,14.14,14.14,0.0,20
18.0,241.79480414057707,241.79480414057707,100.0,-0.0,0.79,3093,3093,3093,3093,14.14,14.14,0.0,20
18.1,243.17167296764143,243.17167296764143,100.0,-0.0,0.79,3033,3033,3033,3033,13.77,13.77,0.0,20
18.2,244.3649592844305,244.3649592844305,100.0,-0.0,0.79,2973,2973,2973,2973,11.93,11.93,0.0,20
18.3,245.39914075898108,245.39914075898108,100.0,-0.0,0.79,2985,2985,2985,2985,10.34,10.34,0.0,20
18.4,246.29543137025823,246.29543137025823,100.0,-0.0,0.79,2925,2925,2925,2925,8.96,8.96,0.0,20
18.5,247.07221656669842,247.07221656669842,100.0,-0.0,0.79,2865,2865,2865,2865,7.77,7.77,0.0,20
18.6,248.08203732207065,248.08203732207065,100.0,-0.0,0.79,2925,2925,2925,2925,10.1,10.1,0.0,20
18.7,248.88989392636844,248.88989392636844,100.0,-0.0,0.79,2873,2873,2873,2873,8.08,8.08,0.0,20
18.8,249.53617920980668,249.53617920980668,100.0,-0.0,0.79,2868,2868,2868,2868,6.46,6.46,0.0,20
18.9,250.05320743655727,250.05320743655727,100.0,-0.0,0.79,2808,2808,2808,2808,5.17,5.17,0.0,20
19.0,250.48811299258065,250.48811299258065,100.0,-0.0,0.79,2844,2844,2844,2844,4.35,4.35,0.0,20
19.1,251.0099996598087,251.0099996598087,100.0,-0.0,0.79,2817,2817,2817,2817,5.22,5.22,0.0,20
19.2,251.63626366048237,251.63626366048237,100.0,-0.0,0.79,2877,2877,2877,2877,6.26,6.26,0.0,20
19.3,252.38778046129076,252.38778046129076,100.0,-0.0,0.79,2937,2937,2937,2937,7.52,7.52,0.0,20
19.4,253.28960062226085,253.28960062226085,100.0,-0.0,0.79,2951,2951,2951,2951,9.02,9.02,0.0,20
19.5,254.37178481542495,254.37178481542495,100.0,-0.0,0.79,3011,3011,3011,3011,10.82,10.82,0.0,20
19.6,255.67040584722187,255.67040584722187,100.0,-0.0,0.79,3071,3071,3071,3071,12.99,12.99,0.0,20
19.7,257.08461940959495,257.08461940959495,100.0,-0.0,0.79,3098,3098,3098,3098,14.14,14.14,0.0,20
19.8,258.49883297196806,258.49883297196806,100.0,-0.0,0.79,3038,3038,3038,3038,14.14,14.14,0.0,20
19.9,259.91304653434116,259.91304653434116,100.0,-0.0,0.79,3098,3098,3098,3098,14.14,14.14,0.0,20
20.0,261.32726009671427,261.32726009671427,100.0,-0.0,0.79,3038,3038,3038,3038,14.14,14.14,0.0,20
20.1,262.7414736590874,262.7414736590874,100.0,-0.0,0.79,3098,3098,3098,3098,14.14,14.14,0.0,20
20.2,264.1556872214605,264.1556872214605,100.0,-0.0,0.79,3038,3038,3038,3038,14.14,14.14,0.0,20
20.3,265.5699007838336,265.5699007838336,100.0,-0.0,0.79,3098,3098,3098,3098,14.14,14.14,0.0,20
20.4,266.9841143462067,266.9841143462067,100.0,-0.0,0.79,3038,3038,3038,3038,14.14,14.14,0.0,20
20.5,268.3983279085798,268.3983279085798,100.0,-0.0,0.79,3098,3098,3098,3098,14.14,14.14,0.0,20
20.6,269.8125414709529,269.8125414709529,100.0,-0.0,0.79,3038,3038,3038,3038,14.14,14.14,0.0,20
20.7,271.226755033326,271.226755033326,100.0,-0.0,0.79,3098,3098,3098,3098,14.14,14.14,0.0,20
20.8,272.6409685956991,272.6409685956991,100.0,-0.0,0.79,3038,3038,3038,3038,14.14,14.14,0.0,20
20.9,274.0551821580722,274.0551821580722,100.0,-0.0,0.79,3098,3098,3098,3098,14.14,14.14,0.0,20
21.0,275.46939572044533,275.46939572044533,100.0,-0.0,0.79,3038,3038,3038,3038,14.14,14.14,0.0,20
21.1,276.88360928281844,276.88360928281844,100.0,-0.0,0.79,3098,3098,3098,3098,14.14,14.14,0.0,20
21.2,278.29782284519155,278.29782284519155,100.0,-0.0,0.79,3038,3038,3038,3038,14.14,14.14,0.0,20
21.3,279.71203640756465,279.71203640756465,100.0,-0.0,0.79,3098,3098,3098,3098,14.14,14.14,0.0,20
21.4,281.12624996993776,281.12624996993776,100.0,-0.0,0.79,3038,3038,3038,3038,14.14,14.14,0.0,20
21.5,282.54046353231087,282.54046353231087,100.0,-0.0,0.79,3098,3098,3098,3098,14.14,14.14,0.0,20
21.6,283.954677094684,283.954677094684,100.0,-0.0,0.79,3038,3038,3038,3038,14.14,14.14,0.0,20
21.7,285.3688906570571,285.3688906570571,100.0,-0.0,0.79,3098,3098,3098,3098,14.14,14.14,0.0,20
21.8,286.7831042194302,286.7831042194302,100.0,-0.0,0.79,3038,3038,3038,3038,14.14,14.14,0.0,20
21.9,288.1973177818033,288.1973177818033,100.0,-0.0,0.79,3098,3098,3098,3098,14.14,14.14,0.0,20
22.0,289.6115313441764,289.6115313441764,100.0,-0.0,0.79,3038,3038,3038,3038,14.14,14.14,0.0,20
22.1,291.0257449065495,291.0257449065495,100.0,-0.0,0.79,3098,3098,3098,3098,14.14,14.14,0.0,20
22.2,292.4399584689226,292.4399584689226,100.0,-0.0,0.79,3038,3038,3038,3038,14.14,14.14,0.0,20
22.3,293.8541720312957,293.8541720312957,100.0,-0.0,0.79,3098,3098,3098,3098,14.14,14.14,0.0,20
22.4,295.2683855936688,295.2683855936688,100.0,-0.0,0.79,3038,3038,3038,3038,14.14,14.14,0.0,20
22.5,296.68259915604193,296.68259915604193,100.0,-0.0,0.79,3098,3098,3098,3098,14.14,14.14,0.0,20
22.6,298.09681271841504,298.09681271841504,100.0,-0.0,0.79,3038,3038,3038,3038,14.14,14.14,0.0,20
22.7,299.51102628078814,299.51102628078814,100.0,-0.0,0.79,3098,3098,3098,3098,14.14,14.14,0.0,20
22.8,300.92523984316125,300.92523984316125,100.0,-0.0,0.79,3038,3038,3038,3038,14.14,14.14,0.0,20
22.9,302.33945340553436,302.33945340553436,100.0,-0.0,0.79,3098,3098,3098,3098,14.14,14.14,0.0,20
23.0,303.75366696790746,303.75366696790746,100.0,-0.0,0.79,3038,3038,3038,3038,14.14,14.14,0.0,20
23.1,305.16788053028057,305.16788053028057,100.0,-0.0,0.79,3098,3098,3098,3098,14.14,14.14,0.0,20
23.2,306.5820940926537,306.5820940926537,100.0,-0.0,0.79,3038,3038,3038,3038,14.14,14.14,0.0,20
23.3,307.9963076550268,307.9963076550268,100.0,-0.0,0.79,3098,3098,3098,3098,14.14,14.14,0.0,20
23.4,309.4105212173999,309.4105212173999,100.0,-0.0,0.79,3038,3038,3038,3038,14.14,14.14,0.0,20
23.5,310.824734779773,310.824734779773,100.0,-0.0,0.79,3098,3098,3098,3098,14.14,14.14,0.0,20
23.6,312.2389483421461,312.2389483421461,100.0,-0.0,0.79,3038,3038,3038,3038,14.14,14.14,0.0,20
23.7,313.6531619045192,313.6531619045192,100.0,-0.0,0.79,3098,3098,3098,3098,14.14,14.14,0.0,20
23.8,315.0673754668923,315.0673754668923,100.0,-0.0,0.79,3038,3038,3038,3038,14.14,14.14,0.0,20
23.9,316.4815890292654,316.4815890292654,100.0,-0.0,0.79,3098,3098,3098,3098,14.14,14.14,0.0,20
24.0,317.8958025916385,317.8958025916385,100.0,-0.0,0.79,3038,3038,3038,3038,14.14,14.14,0.0,20
24.1,319.31001615401163,319.31001615401163,100.0,-0.0,0.79,3098,3098,3098,3098,14.14,14.14,0.0,20
24.2,320.72422971638474,320.72422971638474,100.0,-0.0,0.79,3038,3038,3038,3038,14.14,14.14,0.0,20
24.3,322.13844327875785,322.13844327875785,100.0,-0.0,0.79,3098,3098,3098,3098,14.14,14.14,0.0,20
24.4,323.55265684113095,323.55265684113095,100.0,-0.0,0.79,3038,3038,3038,3038,14.14,14.14,0.0,20
24.5,324.96687040350406,324.96687040350406,100.0,-0.0,0.79,3098,3098,3098,3098,14.14,14.14,0.0,20
24.6,326.38108396587717,326.38108396587717,100.0,-0.0,0.79,3038,3038,3038,3038,14.14,14.14,0.0,20
24.7,327.7952975282503,327.7952975282503,100.0,-0.0,0.79,3098,3098,3098,3098,14.14,14.14,0.0,20
24.8,329.2095110906234,329.2095110906234,100.0,-0.0,0.79,3038,3038,3038,3038,14.14,14.14,0.0,20
24.9,330.6237246529965,330.6237246529965,100.0,-0.0,0.79,3098,3098,3098,3098,14.14,14.14,0.0,20
25.0,332.0379382153696,332.0379382153696,100.0,-0.0,0.79,3038,3038,3038,3038,14.14,14.14,0.0,20
25.1,333.4521517777427,333.4521517777427,100.0,-0.0,0.79,3098,3098,3098,3098,14.14,14.14,0.0,20
25.2,334.8663653401158,334.8663653401158,100.0,-0.0,0.79,3038,3038,3038,3038,14.14,14.14,0.0,20
25.3,336.2805789024889,336.2805789024889,100.0,-0.0,0.79,3098,3098,3098,3098,14.14,14.14,0.0,20
25.4,337.694792464862,337.694792464862,100.0,-0.0,0.79,3038,3038,3038,3038,14.14,14.14,0.0,20
25.5,339.1090060272351,339.1090060272351,100.0,-0.0,0.79,3098,3098,3098,3098,14.14,14.14,0.0,20
25.6,340.52321958960823,340.52321958960823,100.0,-0.0,0.79,3038,3038,3038,3038,14.14,14.14,0.0,20
25.7,341.93743315198134,341.93743315198134,100.0,-0.0,0.79,3098,3098,3098,3098,14.14,14.14,0.0,20
25.8,343.35164671435444,343.35164671435444,100.0,-0.0,0.79,3038,3038,3038,3038,14.14,14.14,0.0,20
25.9,344.76586027672755,344.76586027672755,100.0,-0.0,0.79,3098,3098,3098,3098,14.14,14.14,0.0,20
26.0,346.18007383910066,346.18007383910066,100.0,-0.0,0.79,3038,3038,3038,3038,14.14,14.14,0.0,20
26.1,347.59428740147376,347.59428740147376,100.0,-0.0,0.79,3098,3098,3098,3098,14.14,14.14,0.0,20
26.2,349.00850096384687,349.00850096384687,100.0,-0.0,0.79,3038,3038,3038,3038,14.14,14.14,0.0,20
26.3,350.42271452622,350.42271452622,100.0,-0.0,0.79,3098,3098,3098,3098,14.14,14.14,0.0,20
26.4,351.8369280885931,351.8369280885931,100.0,-0.0,0.79,3038,3038,3038,3038,14.14,14.14,0.0,20
26.5,353.2511416509662,353.2511416509662,100.0,-0.0,0.79,3098,3098,3098,3098,14.14,14.14,0.0,20
26.6,354.6653552133393,354.6653552133393,100.0,-0.0,0.79,3038,3038,3038,3038,14.14,14.14,0.0,20
26.7,356.0795687757124,356.0795687757124,100.0,-0.0,0.79,3098,3098,3098,3098,14.14,14.14,0.0,20
26.8,357.4937823380855,357.4937823380855,100.0,-0.0,0.79,3038,3038,3038,3038,14.14,14.14,0.0,20
26.9,358.9079959004586,358.9079959004586,100.0,-0.0,0.79,3098,3098,3098,3098,14.14,14.14,0.0,20
27.0,360.3222094628317,360.3222094628317,100.0,-0.0,0.79,3038,3038,3038,3038,14.14,14.14,0.0,20
27.1,361.73642302520483,361.73642302520483,100.0,-0.0,0.79,3098,3098,3098,3098,14.14,14.14,0.0,20
27.2,363.15063658757794,363.15063658757794,100.0,-0.0,0.79,3038,3038,3038,3038,14.14,14.14,0.0,20
27.3,364.56485014995104,364.56485014995104,100.0,-0.0,0.79,3098,3098,3098,3098,14.14,14.14,0.0,20
27.4,365.97906371232415,365.97906371232415,100.0,-0.0,0.79,3038,3038,3038,3038,14.14,14.14,0.0,20
27.5,367.39327727469725,367.39327727469725,100.0,-0.0,0.79,3098,3098,3098,3098,14.14,14.14,0.0,20
27.6,368.6903496838789,368.6903496838789,100.0,-0.0,0.79,3038,3038,3038,3038,12.97,12.97,0.0,20
27.7,369.81447910516965,369.81447910516965,100.0,-0.0,0.79,2978,2978,2978,2978,11.24,11.24,0.0,20
27.8,370.78872460362163,370.78872460362163,100.0,-0.0,0.79,2918,2918,2918,2918,9.74,9.74,0.0,20
27.9,371.63307070228,371.63307070228,100.0,-0.0,0.79,2951,2951,2951,2951,8.44,8.44,0.0,20
28.0,372.7307206305359,372.7307206305359,100.0,-0.0,0.79,3011,3011,3011,3011,10.98,10.98,0.0,20
28.1,373.6088405731407,373.6088405731407,100.0,-0.0,0.79,2951,2951,2951,2951,8.78,8.78,0.0,20
28.2,374.3113365272245,374.3113365272245,100.0,-0.0,0.79,2891,2891,2891,2891,7.02,7.02,0.0,20
28.3,374.87333329049153,374.87333329049153,100.0,-0.0,0.79,2831,2831,2831,2831,5.62,5.62,0.0,20
28.4,375.3229307011052,375.3229307011052,100.0,-0.0,0.79,2772,2772,2772,2772,4.5,4.5,0.0,20
28.5,375.8117809100381,375.8117809100381,100.0,-0.0,0.79,2832,2832,2832,2832,4.89,4.89,0.0,20
28.6,376.39840116075766,376.39840116075766,100.0,-0.0,0.79,2892,2892,2892,2892,5.87,5.87,0.0,20
28.7,377.1023454616211,377.1023454616211,100.0,-0.0,0.79,2869,2869,2869,2869,7.04,7.04,0.0,20
28.8,377.9470786226573,377.9470786226573,100.0,-0.0,0.79,2929,2929,2929,2929,8.45,8.45,0.0,20
28.9,378.96075841590067,378.96075841590067,100.0,-0.0,0.79,2989,2989,2989,2989,10.14,10.14,0.0,20
29.0,380.1771741677927,380.1771741677927,100.0,-0.0,0.79,3049,3049,3049,3049,12.16,12.16,0.0,20
29.1,381.5913877301658,381.5913877301658,100.0,-0.0,0.79,3109,3109,3109,3109,14.14,14.14,0.0,20
29.2,383.0056012925389,383.0056012925389,100.0,-0.0,0.79,3049,3049,3049,3049,14.14,14.14,0.0,20
29.3,384.41981485491203,384.41981485491203,100.0,-0.0,0.79,3109,3109,3109,3109,14.14,14.14,0.0,20
29.4,385.83402841728514,385.83402841728514,100.0,-0.0,0.79,3049,3049,3049,3049,14.14,14.14,0.0,20
29.5,387.24824197965825,387.24824197965825,100.0,-0.0,0.79,3109,3109,3109,3109,14.14,14.14,0.0,20
29.6,388.66245554203135,388.66245554203135,100.0,-0.0,0.79,3049,3049,3049,3049,14.14,14.14,0.0,20
29.7,390.07666910440446,390.07666910440446,100.0,-0.0,0.79,3109,3109,3109,3109,14.14,14.14,0.0,20
29.8,391.49088266677757,391.49088266677757,100.0,-0.0,0.79,3049,3049,3049,3049,14.14,14.14,0.0,20
29.9,392.9050962291507,392.9050962291507,100.0,-0.0,0.79,3109,3109,3109,3109,14.14,14.14,0.0,20
30.0,394.3193097915238,394.3193097915238,100.0,-0.0,0.79,3049,3049,3049,3049,14.14,14.14,0.0,20
30.1,395.7335233538969,395.7335233538969,100.0,-0.0,0.79,3109,3109,3109,3109,14.14,14.14,0.0,20
30.2,397.14773691627,397.14773691627,100.0,-0.0,0.79,3049,3049,3049,3049,14.14,14.14,0.0,20
30.3,398.5619504786431,398.5619504786431,100.0,-0.0,0.79,3109,3109,3109,3109,14.14,14.14,0.0,20
30.4,399.9761640410162,399.9761640410162,100.0,-0.0,0.79,3049,3049,3049,3049,14.14,14.14,0.0,20
30.5,401.3903776033893,401.3903776033893,100.0,-0.0,0.79,3109,3109,3109,3109,14.14,14.14,0.0,20
30.6,402.8045911657624,402.8045911657624,100.0,-0.0,0.79,3049,3049,3049,3049,14.14,14.14,0.0,20
30.7,404.2188047281355,404.2188047281355,100.0,-0.0,0.79,3109,3109,3109,3109,14.14,14.14,0.0,20
30.8,405.63301829050863,405.63301829050863,100.0,-0.0,0.79,3049,3049,3049,3049,14.14,14.14,0.0,20
30.9,407.04723185288174,407.04723185288174,100.0,-0.0,0.79,3109,3109,3109,3109,14.14,14.14,0.0,20
31.0,408.46144541525484,408.46144541525484,100.0,-0.0,0.79,3049,3049,3049,3049,14.14,14.14,0.0,20
31.1,409.87565897762795,409.87565897762795,100.0,-0.0,0.79,3109,3109,3109,3109,14.14,14.14,0.0,20
31.2,411.28987254000106,411.28987254000106,100.0,-0.0,0.79,3049,3049,3049,3049,14.14,14.14,0.0,20
31.3,412.70408610237416,412.70408610237416,100.0,-0.0,0.79,3109,3109,3109,3109,14.14,14.14,0.0,20
31.4,414.11829966474727,414.11829966474727,100.0,-0.0,0.79,3049,3049,3049,3049,14.14,14.14,0.0,20
31.5,415.5325132271204,415.5325132271204,100.0,-0.0,0.79,3109,3109,3109,3109,14.14,14.14,0.0,20
31.6,416.9467267894935,416.9467267894935,100.0,-0.0,0.79,3049,3049,3049,3049,14.14,14.14,0.0,20
31.7,418.3609403518666,418.3609403518666,100.0,-0.0,0.79,3109,3109,3109,3109,14.14,14.14,0.0,20
31.8,419.7751539142397,419.7751539142397,100.0,-0.0,0.79,3049,3049,3049,3049,14.14,14.14,0.0,20
31.9,421.1893674766128,421.1893674766128,100.0,-0.0,0.79,3109,3109,3109,3109,14.14,14.14,0.0,20
32.0,422.6035810389859,422.6035810389859,100.0,-0.0,0.79,3049,3049,3049,3049,14.14,14.14,0.0,20
32.1,424.017794601359,424.017794601359,100.0,-0.0,0.79,3109,3109,3109,3109,14.14,14.14,0.0,20
32.2,425.4320081637321,425.4320081637321,100.0,-0.0,0.79,3049,3049,3049,3049,14.14,14.14,0.0,20
32.3,426.8462217261052,426.8462217261052,100.0,-0.0,0.79,3109,3109,3109,3109,14.14,14.14,0.0,20
32.4,428.26043528847833,428.26043528847833,100.0,-0.0,0.79,3049,3049,3049,3049,14.14,14.14,0.0,20
32.5,429.67464885085144,429.67464885085144,100.0,-0.0,0.79,3109,3109,3109,3109,14.14,14.14,0.0,20
32.6,431.08886241322455,431.08886241322455,100.0,-0.0,0.79,3049,3049,3049,3049,14.14,14.14,0.0,20
32.7,432.50307597559765,432.50307597559765,100.0,-0.0,0.79,3109,3109,3109,3109,14.14,14.14,0.0,20
32.8,433.91728953797076,433.91728953797076,100.0,-0.0,0.79,3049,3049,3049,3049,14.14,14.14,0.0,20
32.9,435.33150310034387,435.33150310034387,100.0,-0.0,0.79,3109,3109,3109,3109,14.14,14.14,0.0,20
33.0,436.745716662717,436.745716662717,100.0,-0.0,0.79,3049,3049,3049,3049,14.14,14.14,0.0,20
33.1,438.1599302250901,438.1599302250901,100.0,-0.0,0.79,3109,3109,3109,3109,14.14,14.14,0.0,20
33.2,439.5741437874632,439.5741437874632,100.0,-0.0,0.79,3049,3049,3049,3049,14.14,14.14,0.0,20
33.3,440.9883573498363,440.9883573498363,100.0,-0.0,0.79,3109,3109,3109,3109,14.14,14.14,0.0,20
33.4,442.4025709122094,442.4025709122094,100.0,-0.0,0.79,3049,3049,3049,3049,14.14,14.14,0.0,20
33.5,443.8167844745825,443.8167844745825,100.0,-0.0,0.79,3109,3109,3109,3109,14.14,14.14,0.0,20
33.6,445.2309980369556,445.2309980369556,100.0,-0.0,0.79,3049,3049,3049,3049,14.14,14.14,0.0,20
33.7,446.6452115993287,446.6452115993287,100.0,-0.0,0.79,3109,3109,3109,3109,14.14,14.14,0.0,20
33.8,448.0594251617018,448.0594251617018,100.0,-0.0,0.79,3049,3049,3049,3049,14.14,14.14,0.0,20
33.9,449.47363872407493,449.47363872407493,100.0,-0.0,0.79,3109,3109,3109,3109,14.14,14.14,0.0,20
34.0,450.88785228644804,450.88785228644804,100.0,-0.0,0.79,3049,3049,3049,3049,14.14,14.14,0.0,20
34.1,452.30206584882114,452.30206584882114,100.0,-0.0,0.79,3109,3109,3109,3109,14.14,14.14,0.0,20
34.2,453.71627941119425,453.71627941119425,100.0,-0.0,0.79,3049,3049,3049,3049,14.14,14.14,0.0,20
34.3,455.13049297356736,455.13049297356736,100.0,-0.0,0.79,3109,3109,3109,3109,14.14,14.14,0.0,20
34.4,456.54470653594046,456.54470653594046,100.0,-0.0,0.79,3049,3049,3049,3049,14.14,14.14,0.0,20
34.5,457.95892009831357,457.95892009831357,100.0,-0.0,0.79,3109,3109,3109,3109,14.14,14.14,0.0,20
34.6,459.3731336606867,459.3731336606867,100.0,-0.0,0.79,3049,3049,3049,3049,14.14,14.14,0.0,20
34.7,460.7873472230598,460.7873472230598,100.0,-0.0,0.79,3109,3109,3109,3109,14.14,14.14,0.0,20
34.8,462.2015607854329,462.2015607854329,100.0,-0.0,0.79,3049,3049,3049,3049,14.14,14.14,0.0,20
34.9,463.615774347806,463.615774347806,100.0,-0.0,0.79,3109,3109,3109,3109,14.14,14.14,0.0,20
35.0,465.0299879101791,465.0299879101791,100.0,-0.0,0.79,3049,3049,3049,3049,14.14,14.14,0.0,20
35.1,466.4442014725522,466.4442014725522,100.0,-0.0,0.79,3109,3109,3109,3109,14.14,14.14,0.0,20
35.2,467.8584150349253,467.8584150349253,100.0,-0.0,0.79,3049,3049,3049,3049,14.14,14.14,0.0,20
35.3,469.2726285972984,469.2726285972984,100.0,-0.0,0.79,3109,3109,3109,3109,14.14,14.14,0.0,20
35.4,470.6868421596715,470.6868421596715,100.0,-0.0,0.79,3049,3049,3049,3049,14.14,14.14,0.0,20
35.5,472.10105572204463,472.10105572204463,100.0,-0.0,0.79,3109,3109,3109,3109,14.14,14.14,0.0,20
35.6,473.51526928441774,473.51526928441774,100.0,-0.0,0.79,3049,3049,3049,3049,14.14,14.14,0.0,20
35.7,474.92948284679085,474.92948284679085,100.0,-0.0,0.79,3109,3109,3109,3109,14.14,14.14,0.0,20
35.8,476.34369640916395,476.34369640916395,100.0,-0.0,0.79,3049,3049,3049,3049,14.14,14.14,0.0,20
35.9,477.75790997153706,477.75790997153706,100.0,-0.0,0.79,3109,3109,3109,3109,14.14,14.14,0.0,20
36.0,479.17212353391017,479.17212353391017,100.0,-0.0,0.79,3049,3049,3049,3049,14.14,14.14,0.0,20
36.1,480.5863370962833,480.5863370962833,100.0,-0.0,0.79,3109,3109,3109,3109,14.14,14.14,0.0,20
36.2,482.0005506586564,482.0005506586564,100.0,-0.0,0.79,3049,3049,3049,3049,14.14,14.14,0.0,20
36.3,483.4147642210295,483.4147642210295,100.0,-0.0,0.79,3109,3109,3109,3109,14.14,14.14,0.0,20
36.4,484.8289777834026,484.8289777834026,100.0,-0.0,0.79,3049,3049,3049,3049,14.14,14.14,0.0,20
36.5,486.2431913457757,486.2431913457757,100.0,-0.0,0.79,3109,3109,3109,3109,14.14,14.14,0.0,20
36.6,487.6574049081488,487.6574049081488,100.0,-0.0,0.79,3049,3049,3049,3049,14.14,14.14,0.0,20
36.7,489.0716184705219,489.0716184705219,100.0,-0.0,0.79,3109,3109,3109,3109,14.14,14.14,0.0,20
36.8,490.485832032895,490.485832032895,100.0,-0.0,0.79,3049,3049,3049,3049,14.14,14.14,0.0,20
36.9,491.9000455952681,491.9000455952681,100.0,-0.0,0.79,3109,3109,3109,3109,14.14,14.14,0.0,20
37.0,493.26288222837366,493.26288222837366,100.0,-0.0,0.79,3049,3049,3049,3049,13.63,13.63,0.0,20
37.1,494.44400731039843,494.44400731039843,100.0,-0.0,0.79,2989,2989,2989,2989,11.81,11.81,0.0,20
37.2,495.46764904815325,495.46764904815325,100.0,-0.0,0.79,2929,2929,2929,2929,10.24,10.24,0.0,20
37.3,496.3548052208741,496.3548052208741,100.0,-0.0,0.79,2963,2963,2963,2963,8.87,8.87,0.0,20
37.4,497.1236739038988,497.1236739038988,100.0,-0.0,0.79,2903,2903,2903,2903,7.69,7.69,0.0,20
37.5,498.12320319183095,498.12320319183095,100.0,-0.0,0.79,2963,2963,2963,2963,10.0,10.0,0.0,20
37.6,498.9228266221767,498.9228266221767,100.0,-0.0,0.79,2903,2903,2903,2903,8.0,8.0,0.0,20
37.7,499.56252536645326,499.56252536645326,100.0,-0.0,0.79,2843,2843,2843,2843,6.4,6.4,0.0,20
37.8,500.07428436187456,500.07428436187456,100.0,-0.0,0.79,2807,2807,2807,2807,5.12,5.12,0.0,20
37.9,500.5134053029614,500.5134053029614,100.0,-0.0,0.79,2853,2853,2853,2853,4.39,4.39,0.0,20
38.0,501.04035043226565,501.04035043226565,100.0,-0.0,0.79,2793,2793,2793,2793,5.27,5.27,0.0,20
38.1,501.6726845874307,501.6726845874307,100.0,-0.0,0.79,2853,2853,2853,2853,6.32,6.32,0.0,20
38.2,502.4314855736288,502.4314855736288,100.0,-0.0,0.79,2913,2913,2913,2913,7.59,7.59,0.0,20
38.3,503.34204675706644,503.34204675706644,100.0,-0.0,0.79,2973,2973,2973,2973,9.11,9.11,0.0,20
38.4,504.43472017719165,504.43472017719165,100.0,-0.0,0.79,3033,3033,3033,3033,10.93,10.93,0.0,20
38.5,505.7459282813419,505.7459282813419,100.0,-0.0,0.79,3093,3093,3093,3093,13.11,13.11,0.0,20
38.6,507.160141843715,507.160141843715,100.0,-0.0,0.79,3033,3033,3033,3033,14.14,14.14,0.0,20
38.7,508.5743554060881,508.5743554060881,100.0,-0.0,0.79,3093,3093,3093,3093,14.14,14.14,0.0,20
38.8,509.9885689684612,509.9885689684612,100.0,-0.0,0.79,3033,3033,3033,3033,14.14,14.14,0.0,20
38.9,511.4027825308343,511.4027825308343,100.0,-0.0,0.79,3093,3093,3093,3093,14.14,14.14,0.0,20
39.0,512.8169960932074,512.8169960932074,100.0,-0.0,0.79,3033,3033,3033,3033,14.14,14.14,0.0,20
39.1,514.2312096555805,514.2312096555805,100.0,-0.0,0.79,3093,3093,3093,3093,14.14,14.14,0.0,20
39.2,515.6454232179536,515.6454232179536,100.0,-0.0,0.79,3033,3033,3033,3033,14.14,14.14,0.0,20
39.3,517.0596367803267,517.0596367803267,100.0,-0.0,0.79,3093,3093,3093,3093,14.14,14.14,0.0,20
39.4,518.4738503426998,518.4738503426998,100.0,-0.0,0.79,3033,3033,3033,3033,14.14,14.14,0.0,20
39.5,519.888063905073,519.888063905073,100.0,-0.0,0.79,3093,3093,3093,3093,14.14,14.14,0.0,20
39.6,521.3022774674461,521.3022774674461,100.0,-0.0,0.79,3033,3033,3033,3033,14.14,14.14,0.0,20
39.7,522.7164910298192,522.7164910298192,100.0,-0.0,0.79,3093,3093,3093,3093,14.14,14.14,0.0,20
39.8,524.1307045921923,524.1307045921923,100.0,-0.0,0.79,3033,3033,3033,3033,14.14,14.14,0.0,20
39.9,525.5449181545654,525.5449181545654,100.0,-0.0,0.79,3093,3093,3093,3093,14.14,14.14,0.0,20
40.0,526.9591317169385,526.9591317169385,100.0,-0.0,0.79,3033,3033,3033,3033,14.14,14.14,0.0,20
40.1,528.3733452793116,528.3733452793116,100.0,-0.0,0.79,3093,3093,3093,3093,14.14,14.14,0.0,20
40.2,529.7875588416847,529.7875588416847,100.0,-0.0,0.79,3033,3033,3033,3033,14.14,14.14,0.0,20
40.3,531.2017724040578,531.2017724040578,100.0,-0.0,0.79,3093,3093,3093,3093,14.14,14.14,0.0,20
40.4,532.6159859664309,532.6159859664309,100.0,-0.0,0.79,3033,3033,3033,3033,14.14,14.14,0.0,20
40.5,534.030199528804,534.030199528804,100.0,-0.0,0.79,3093,3093,3093,3093,14.14,14.14,0.0,20
40.6,535.4444130911771,535.4444130911771,100.0,-0.0,0.79,3033,3033,3033,3033,14.14,14.14,0.0,20
40.7,536.8586266535502,536.8586266535502,100.0,-0.0,0.79,3093,3093,3093,3093,14.14,14.14,0.0,20
40.8,538.2728402159233,538.2728402159233,100.0,-0.0,0.79,3033,3033,3033,3033,14.14,14.14,0.0,20
40.9,539.6870537782964,539.6870537782964,100.0,-0.0,0.79,3093,3093,3093,3093,14.14,14.14,0.0,20
41.0,541.1012673406696,541.1012673406696,100.0,-0.0,0.79,3033,3033,3033,3033,14.14,14.14,0.0,20
41.1,542.5154809030427,542.5154809030427,100.0,-0.0,0.79,3093,3093,3093,3093,14.14,14.14,0.0,20
41.2,543.9296944654158,543.9296944654158,100.0,-0.0,0.79,3033,3033,3033,3033,14.14,14.14,0.0,20
41.3,545.3439080277889,545.3439080277889,100.0,-0.0,0.79,3093,3093,3093,3093,14.14,14.14,0.0,20
41.4,546.758121590162,546.758121590162,100.0,-0.0,0.79,3033,3033,3033,3033,14.14,14.14,0.0,20
41.5,548.1723351525351,548.1723351525351,100.0,-0.0,0.79,3093,3093,3093,3093,14.14,14.14,0.0,20
41.6,549.5865487149082,549.5865487149082,100.0,-0.0,0.79,3033,3033,3033,3033,14.14,14.14,0.0,20
41.7,551.0007622772813,551.0007622772813,100.0,-0.0,0.79,3093,3093,3093,3093,14.14,14.14,0.0,20
41.8,552.4149758396544,552.4149758396544,100.0,-0.0,0.79,3033,3033,3033,3033,14.14,14.14,0.0,20
41.9,553.8291894020275,553.8291894020275,100.0,-0.0,0.79,3093,3093,3093,3093,14.14,14.14,0.0,20
42.0,555.2434029644006,555.2434029644006,100.0,-0.0,0.79,3033,3033,3033,3033,14.14,14.14,0.0,20
42.1,556.6576165267737,556.6576165267737,100.0,-0.0,0.79,3093,3093,3093,3093,14.14,14.14,0.0,20
42.2,558.0718300891468,558.0718300891468,100.0,-0.0,0.79,3033,3033,3033,3033,14.14,14.14,0.0,20
42.3,559.4860436515199,559.4860436515199,100.0,-0.0,0.79,3093,3093,3093,3093,14.14,14.14,0.0,20
42.4,560.900257213893,560.900257213893,100.0,-0.0,0.79,3033,3033,3033,3033,14.14,14.14,0.0,20
42.5,562.3144707762661,562.3144707762661,100.0,-0.0,0.79,3093,3093,3093,3093,14.14,14.14,0.0,20
42.6,563.7286843386393,563.7286843386393,100.0,-0.0,0.79,3033,3033,3033,3033,14.14,14.14,0.0,20
42.7,565.1428979010124,565.1428979010124,100.0,-0.0,0.79,3093,3093,3093,3093,14.14,14.14,0.0,20
42.8,566.5571114633855,566.5571114633855,100.0,-0.0,0.79,3033,3033,3033,3033,14.14,14.14,0.0,20
42.9,567.9713250257586,567.9713250257586,100.0,-0.0,0.79,3093,3093,3093,3093,14.14,14.14,0.0,20
43.0,569.3855385881317,569.3855385881317,100.0,-0.0,0.79,3033,3033,3033,3033,14.14,14.14,0.0,20
43.1,570.7997521505048,570.7997521505048,100.0,-0.0,0.79,3093,3093,3093,3093,14.14,14.14,0.0,20
43.2,572.2139657128779,572.2139657128779,100.0,-0.0,0.79,3033,3033,3033,3033,14.14,14.14,0.0,20
43.3,573.628179275251,573.628179275251,100.0,-0.0,0.79,3093,3093,3093,3093,14.14,14.14,0.0,20
43.4,575.0423928376241,575.0423928376241,100.0,-0.0,0.79,3033,3033,3033,3033,14.14,14.14,0.0,20
43.5,576.4566063999972,576.4566063999972,100.0,-0.0,0.79,3093,3093,3093,3093,14.14,14.14,0.0,20
43.6,577.8708199623703,577.8708199623703,100.0,-0.0,0.79,3033,3033,3033,3033,14.14,14.14,0.0,20
43.7,579.2850335247434,579.2850335247434,100.0,-0.0,0.79,3093,3093,3093,3093,14.14,14.14,0.0,20
43.8,580.6992470871165,580.6992470871165,100.0,-0.0,0.79,3033,3033,3033,3033,14.14,14.14,0.0,20
43.9,582.1134606494896,582.1134606494896,100.0,-0.0,0.79,3093,3093,3093,3093,14.14,14.14,0.0,20
44.0,583.5276742118627,583.5276742118627,100.0,-0.0,0.79,3033,3033,3033,3033,14.14,14.14,0.0,20
44.1,584.9418877742359,584.9418877742359,100.0,-0.0,0.79,3093,3093,3093,3093,14.14,14.14,0.0,20
44.2,586.356101336609,586.356101336609,100.0,-0.0,0.79,3033,3033,3033,3033,14.14,14.14,0.0,20
44.3,587.7703148989821,587.7703148989821,100.0,-0.0,0.79,3093,3093,3093,3093,14.14,14.14,0.0,20
44.4,589.1845284613552,589.1845284613552,100.0,-0.0,0.79,3033,3033,3033,3033,14.14,14.14,0.0,20
44.5,590.5987420237283,590.5987420237283,100.0,-0.0,0.79,3093,3093,3093,3093,14.14,14.14,0.0,20
44.6,592.0129555861014,592.0129555861014,100.0,-0.0,0.79,3033,3033,3033,3033,14.14,14.14,0.0,20
44.7,593.4271691484745,593.4271691484745,100.0,-0.0,0.79,3093,3093,3093,3093,14.14,14.14,0.0,20
44.8,594.8413827108476,594.8413827108476,100.0,-0.0,0.79,3033,3033,3033,3033,14.14,14.14,0.0,20
44.9,596.2555962732207,596.2555962732207,100.0,-0.0,0.79,3093,3093,3093,3093,14.14,14.14,0.0,20
45.0,597.6698098355938,597.6698098355938,100.0,-0.0,0.79,3033,3033,3033,3033,14.14,14.14,0.0,20
45.1,599.0840233979669,599.0840233979669,100.0,-0.0,0.79,3093,3093,3093,3093,14.14,14.14,0.0,20
45.2,600.49823696034,600.49823696034,100.0,-0.0,0.79,3033,3033,3033,3033,14.14,14.14,0.0,20
45.3,601.9124505227131,601.9124505227131,100.0,-0.0,0.79,3093,3093,3093,3093,14.14,14.14,0.0,20
45.4,603.3266640850862,603.3266640850862,100.0,-0.0,0.79,3033,3033,3033,3033,14.14,14.14,0.0,20
45.5,604.7408776474593,604.7408776474593,100.0,-0.0,0.79,3093,3093,3093,3093,14.14,14.14,0.0,20
45.6,606.1550912098324,606.1550912098324,100.0,-0.0,0.79,3033,3033,3033,3033,14.14,14.14,0.0,20
45.7,607.5693047722056,607.5693047722056,100.0,-0.0,0.79,3093,3093,3093,3093,14.14,14.14,0.0,20
45.8,608.9835183345787,608.9835183345787,100.0,-0.0,0.79,3033,3033,3033,3033,14.14,14.14,0.0,20
45.9,610.3977318969518,610.3977318969518,100.0,-0.0,0.79,3093,3093,3093,3093,14.14,14.14,0.0,20
46.0,611.8119454593249,611.8119454593249,100.0,-0.0,0.79,3033,3033,3033,3033,14.14,14.14,0.0,20
46.1,613.226159021698,613.226159021698,100.0,-0.0,0.79,3093,3093,3093,3093,14.14,14.14,0.0,20
46.2,614.6403725840711,614.6403725840711,100.0,-0.0,0.79,3033,3033,3033,3033,14.14,14.14,0.0,20
46.3,616.0545861464442,616.0545861464442,100.0,-0.0,0.79,3093,3093,3093,3093,14.14,14.14,0.0,20
46.4,617.4687997088173,617.4687997088173,100.0,-0.0,0.79,3033,3033,3033,3033,14.14,14.14,0.0,20
46.5,618.7558024601162,618.7558024601162,100.0,-0.0,0.79,3079,3079,3079,3079,12.87,12.87,0.0,20
46.6,619.8712048445753,619.8712048445753,100.0,-0.0,0.79,3019,3019,3019,3019,11.15,11.15,0.0,20
46.7,620.8378869111066,620.8378869111066,100.0,-0.0,0.79,2959,2959,2959,2959,9.67,9.67,0.0,20
46.8,621.6756780354336,621.6756780354336,100.0,-0.0,0.79,2899,2899,2899,2899,8.38,8.38,0.0,20
46.9,622.7648064970589,622.7648064970589,100.0,-0.0,0.79,2959,2959,2959,2959,10.89,10.89,0.0,20
47.0,623.6361092663591,623.6361092663591,100.0,-0.0,0.79,2899,2899,2899,2899,8.71,8.71,0.0,20
47.1,624.3331514817992,624.3331514817992,100.0,-0.0,0.79,2839,2839,2839,2839,6.97,6.97,0.0,20
47.2,624.8907852541513,624.8907852541513,100.0,-0.0,0.79,2885,2885,2885,2885,5.58,5.58,0.0,20
47.3,625.336892272033,625.336892272033,100.0,-0.0,0.79,2825,2825,2825,2825,4.46,4.46,0.0,20
47.4,625.8285347951515,625.8285347951515,100.0,-0.0,0.79,2855,2855,2855,2855,4.92,4.92,0.0,20
47.5,626.4185058228937,626.4185058228937,100.0,-0.0,0.79,2865,2865,2865,2865,5.9,5.9,0.0,20
47.6,627.1264710561844,627.1264710561844,100.0,-0.0,0.79,2925,2925,2925,2925,7.08,7.08,0.0,20
47.7,627.9760293361333,627.9760293361333,100.0,-0.0,0.79,2929,2929,2929,2929,8.5,8.5,0.0,20
47.8,628.9954992720718,628.9954992720718,100.0,-0.0,0.79,2989,2989,2989,2989,10.19,10.19,0.0,20
47.9,630.2188631951981,630.2188631951981,100.0,-0.0,0.79,3049,3049,3049,3049,12.23,12.23,0.0,20
48.0,631.6330767575712,631.6330767575712,100.0,-0.0,0.79,3109,3109,3109,3109,14.14,14.14,0.0,20
48.1,633.0472903199443,633.0472903199443,100.0,-0.0,0.79,3049,3049,3049,3049,14.14,14.14,0.0,20
48.2,634.4615038823174,634.4615038823174,100.0,-0.0,0.79,3109,3109,3109,3109,14.14,14.14,0.0,20
48.3,635.8757174446905,635.8757174446905,100.0,-0.0,0.79,3049,3049,3049,3049,14.14,14.14,0.0,20
48.4,637.2899310070636,637.2899310070636,100.0,-0.0,0.79,3109,3109,3109,3109,14.14,14.14,0.0,20
48.5,638.7041445694367,638.7041445694367,100.0,-0.0,0.79,3049,3049,3049,3049,14.14,14.14,0.0,20
48.6,640.1183581318098,640.1183581318098,100.0,-0.0,0.79,3109,3109,3109,3109,14.14,14.14,0.0,20
48.7,641.5325716941829,641.5325716941829,100.0,-0.0,0.79,3049,3049,3049,3049,14.14,14.14,0.0,20
48.8,642.946785256556,642.946785256556,100.0,-0.0,0.79,3109,3109,3109,3109,14.14,14.14,0.0,20
48.9,644.3609988189291,644.3609988189291,100.0,-0.0,0.79,3049,3049,3049,3049,14.14,14.14,0.0,20
49.0,645.7752123813023,645.7752123813023,100.0,-0.0,0.79,3109,3109,3109,3109,14.14,14.14,0.0,20
49.1,647.1894259436754,647.1894259436754,100.0,-0.0,0.79,3049,3049,3049,3049,14.14,14.14,0.0,20
49.2,648.6036395060485,648.6036395060485,100.0,-0.0,0.79,3109,3109,3109,3109,14.14,14.14,0.0,20
49.3,650.0178530684216,650.0178530684216,100.0,-0.0,0.79,3049,3049,3049,3049,14.14,14.14,0.0,20
49.4,651.4320666307947,651.4320666307947,100.0,-0.0,0.79,3109,3109,3109,3109,14.14,14.14,0.0,20
49.5,652.8462801931678,652.8462801931678,100.0,-0.0,0.79,3049,3049,3049,3049,14.14,14.14,0.0,20
49.6,654.2604937555409,654.2604937555409,100.0,-0.0,0.79,3109,3109,3109,3109,14.14,14.14,0.0,20
49.7,655.674707317914,655.674707317914,100.0,-0.0,0.79,3049,3049,3049,3049,14.14,14.14,0.0,20
49.8,657.0889208802871,657.0889208802871,100.0,-0.0,0.79,3109,3109,3109,3109,14.14,14.14,0.0,20
49.9,658.5031344426602,658.5031344426602,100.0,-0.0,0.79,3049,3049,3049,3049,14.14,14.14,0.0,20
50.0,659.9173480050333,659.9173480050333,100.0,-0.0,0.79,3109,3109,3109,3109,14.14,14.14,0.0,20
50.1,661.3315615674064,661.3315615674064,100.0,-0.0,0.79,3049,3049,3049,3049,14.14,14.14,0.0,20
50.2,662.7457751297795,662.7457751297795,100.0,-0.0,0.79,3109,3109,3109,3109,14.14,14.14,0.0,20
50.3,664.1599886921526,664.1599886921526,100.0,-0.0,0.79,3049,3049,3049,3049,14.14,14.14,0.0,20
50.4,665.5742022545257,665.5742022545257,100.0,-0.0,0.79,3109,3109,3109,3109,14.14,14.14,0.0,20
50.5,666.9884158168989,666.9884158168989,100.0,-0.0,0.79,3049,3049,3049,3049,14.14,14.14,0.0,20
50.6,668.402629379272,668.402629379272,100.0,-0.0,0.79,3109,3109,3109,3109,14.14,14.14,0.0,20
50.7,669.8168429416451,669.8168429416451,100.0,-0.0,0.79,3049,3049,3049,3049,14.14,14.14,0.0,20
50.8,671.2310565040182,671.2310565040182,100.0,-0.0,0.79,3109,3109,3109,3109,14.14,14.14,0.0,20
50.9,672.6452700663913,672.6452700663913,100.0,-0.0,0.79,3049,3049,3049,3049,14.14,14.14,0.0,20
51.0,674.0594836287644,674.0594836287644,100.0,-0.0,0.79,3109,3109,3109,3109,14.14,14.14,0.0,20
51.1,675.4736971911375,675.4736971911375,100.0,-0.0,0.79,3049,3049,3049,3049,14.14,14.14,0.0,20
51.2,676.8879107535106,676.8879107535106,100.0,-0.0,0.79,3109,3109,3109,3109,14.14,14.14,0.0,20
51.3,678.3021243158837,678.3021243158837,100.0,-0.0,0.79,3049,3049,3049,3049,14.14,14.14,0.0,20
51.4,679.7163378782568,679.7163378782568,100.0,-0.0,0.79,3109,3109,3109,3109,14.14,14.14,0.0,20
51.5,681.1305514406299,681.1305514406299,100.0,-0.0,0.79,3049,3049,3049,3049,14.14,14.14,0.0,20
51.6,682.544765003003,682.544765003003,100.0,-0.0,0.79,3109,3109,3109,3109,14.14,14.14,0.0,20
51.7,683.9589785653761,683.9589785653761,100.0,-0.0,0.79,3049,3049,3049,3049,14.14,14.14,0.0,20
51.8,685.3731921277492,685.3731921277492,100.0,-0.0,0.79,3109,3109,3109,3109,14.14,14.14,0.0,20
51.9,686.7874056901223,686.7874056901223,100.0,-0.0,0.79,3049,3049,3049,3049,14.14,14.14,0.0,20
52.0,688.2016192524954,688.2016192524954,100.0,-0.0,0.79,3109,3109,3109,3109,14.14,14.14,0.0,20
52.1,689.6158328148686,689.6158328148686,100.0,-0.0,0.79,3049,3049,3049,3049,14.14,14.14,0.0,20
52.2,691.0300463772417,691.0300463772417,100.0,-0.0,0.79,3109,3109,3109,3109,14.14,14.14,0.0,20
52.3,692.4442599396148,692.4442599396148,100.0,-0.0,0.79,3049,3049,3049,3049,14.14,14.14,0.0,20
52.4,693.8584735019879,693.8584735019879,100.0,-0.0,0.79,3109,3109,3109,3109,14.14,14.14,0.0,20
52.5,695.272687064361,695.272687064361,100.0,-0.0,0.79,3049,3049,3049,3049,14.14,14.14,0.0,20
52.6,696.6869006267341,696.6869006267341,100.0,-0.0,0.79,3109,3109,3109,3109,14.14,14.14,0.0,20
52.7,698.1011141891072,698.1011141891072,100.0,-0.0,0.79,3049,3049,3049,3049,14.14,14.14,0.0,20
52.8,699.5153277514803,699.5153277514803,100.0,-0.0,0.79,3109,3109,3109,3109,14.14,14.14,0.0,20
52.9,700.9295413138534,700.9295413138534,100.0,-0.0,0.79,3049,3049,3049,3049,14.14,14.14,0.0,20
53.0,702.3437548762265,702.3437548762265,100.0,-0.0,0.79,3109,3109,3109,3109,14.14,14.14,0.0,20
53.1,703.7579684385996,703.7579684385996,100.0,-0.0,0.79,3049,3049,3049,3049,14.14,14.14,0.0,20
53.2,705.1721820009727,705.1721820009727,100.0,-0.0,0.79,3109,3109,3109,3109,14.14,14.14,0.0,20
53.3,706.5863955633458,706.5863955633458,100.0,-0.0,0.79,3049,3049,3049,3049,14.14,14.14,0.0,20
53.4,708.0006091257189,708.0006091257189,100.0,-0.0,0.79,3109,3109,3109,3109,14.14,14.14,0.0,20
53.5,709.414822688092,709.414822688092,100.0,-0.0,0.79,3049,3049,3049,3049,14.14,14.14,0.0,20
53.6,710.8290362504652,710.8290362504652,100.0,-0.0,0.79,3109,3109,3109,3109,14.14,14.14,0.0,20
53.7,712.2432498128383,712.2432498128383,100.0,-0.0,0.79,3049,3049,3049,3049,14.14,14.14,0.0,20
53.8,713.6574633752114,713.6574633752114,100.0,-0.0,0.79,3109,3109,3109,3109,14.14,14.14,0.0,20
53.9,715.0716769375845,715.0716769375845,100.0,-0.0,0.79,3049,3049,3049,3049,14.14,14.14,0.0,20
54.0,716.4858904999576,716.4858904999576,100.0,-0.0,0.79,3109,3109,3109,3109,14.14,14.14,0.0,20
54.1,717.9001040623307,717.9001040623307,100.0,-0.0,0.79,3049,3049,3049,3049,14.14,14.14,0.0,20
54.2,719.3143176247038,719.3143176247038,100.0,-0.0,0.79,3109,3109,3109,3109,14.14,14.14,0.0,20
54.3,720.7285311870769,720.7285311870769,100.0,-0.0,0.79,3049,3049,3049,3049,14.14,14.14,0.0,20
54.4,722.14274474945,722.14274474945,100.0,-0.0,0.79,3109,3109,3109,3109,14.14,14.14,0.0,20
54.5,723.5569583118231,723.5569583118231,100.0,-0.0,0.79,3049,3049,3049,3049,14.14,14.14,0.0,20
54.6,724.9711718741962,724.9711718741962,100.0,-0.0,0.79,3109,3109,3109,3109,14.14,14.14,0.0,20
54.7,726.3853854365693,726.3853854365693,100.0,-0.0,0.79,3049,3049,3049,3049,14.14,14.14,0.0,20
54.8,727.7995989989424,727.7995989989424,100.0,-0.0,0.79,3109,3109,3109,3109,14.14,14.14,0.0,20
54.9,729.2138125613155,729.2138125613155,100.0,-0.0,0.79,3049,3049,3049,3049,14.14,14.14,0.0,20
55.0,730.6280261236886,730.6280261236886,100.0,-0.0,0.79,3109,3109,3109,3109,14.14,14.14,0.0,20
55.1,732.0422396860617,732.0422396860617,100.0,-0.0,0.79,3049,3049,3049,3049,14.14,14.14,0.0,20
55.2,733.4564532484349,733.4564532484349,100.0,-0.0,0.79,3109,3109,3109,3109,14.14,14.14,0.0,20
55.3,734.870666810808,734.870666810808,100.0,-0.0,0.79,3049,3049,3049,3049,14.14,14.14,0.0,20
55.4,736.2848803731811,736.2848803731811,100.0,-0.0,0.79,3109,3109,3109,3109,14.14,14.14,0.0,20
55.5,737.6990939355542,737.6990939355542,100.0,-0.0,0.79,3049,3049,3049,3049,14.14,14.14,0.0,20
55.6,739.1133074979273,739.1133074979273,100.0,-0.0,0.79,3109,3109,3109,3109,14.14,14.14,0.0,20
55.7,740.5275210603004,740.5275210603004,100.0,-0.0,0.79,3049,3049,3049,3049,14.14,14.14,0.0,20
55.8,741.9417346226735,741.9417346226735,100.0,-0.0,0.79,3109,3109,3109,3109,14.14,14.14,0.0,20
55.9,743.2990127187917,743.2990127187917,100.0,-0.0,0.79,3049,3049,3049,3049,13.57,13.57,0.0,20
56.0,744.4753204020941,744.4753204020941,100.0,-0.0,0.79,2989,2989,2989,2989,11.76,11.76,0.0,20
56.1,745.4947870609561,745.4947870609561,100.0,-0.0,0.79,2929,2929,2929,2929,10.19,10.19,0.0,20
56.2,746.37832483197,746.37832483197,100.0,-0.0,0.79,2959,2959,2959,2959,8.84,8.84,0.0,20
56.3,747.1440575668486,747.1440575668486,100.0,-0.0,0.79,2899,2899,2899,2899,7.66,7.66,0.0,20
56.4,748.1395101221908,748.1395101221908,100.0,-0.0,0.79,2959,2959,2959,2959,9.95,9.95,0.0,20
56.5,748.9358721664646,748.9358721664646,100.0,-0.0,0.79,2899,2899,2899,2899,7.96,7.96,0.0,20
56.6,749.5729618018836,749.5729618018836,100.0,-0.0,0.79,2839,2839,2839,2839,6.37,6.37,0.0,20
56.7,750.0826335102188,750.0826335102188,100.0,-0.0,0.79,2823,2823,2823,2823,5.1,5.1,0.0,20
56.8,750.5234242809745,750.5234242809745,100.0,-0.0,0.79,2795,2795,2795,2795,4.41,4.41,0.0,20
56.9,751.0523732058813,751.0523732058813,100.0,-0.0,0.79,2855,2855,2855,2855,5.29,5.29,0.0,20
57.0,751.6871119157695,751.6871119157695,100.0,-0.0,0.79,2915,2915,2915,2915,6.35,6.35,0.0,20
57.1,752.4487983676353,752.4487983676353,100.0,-0.0,0.79,2855,2855,2855,2855,7.62,7.62,0.0,20
57.2,753.3628221098743,753.3628221098743,100.0,-0.0,0.79,2915,2915,2915,2915,9.14,9.14,0.0,20
57.3,754.4596506005611,754.4596506005611,100.0,-0.0,0.79,2975,2975,2975,2975,10.97,10.97,0.0,20
57.4,755.7758447893852,755.7758447893852,100.0,-0.0,0.79,3035,3035,3035,3035,13.16,13.16,0.0,20
57.5,757.1900583517584,757.1900583517584,100.0,-0.0,0.79,3095,3095,3095,3095,14.14,14.14,0.0,20
57.6,758.6042719141315,758.6042719141315,100.0,-0.0,0.79,3035,3035,3035,3035,14.14,14.14,0.0,20
57.7,760.0184854765046,760.0184854765046,100.0,-0.0,0.79,3095,3095,3095,3095,14.14,14.14,0.0,20
57.8,761.4326990388777,761.4326990388777,100.0,-0.0,0.79,3035,3035,3035,3035,14.14,14.14,0.0,20
57.9,762.8469126012508,762.8469126012508,100.0,-0.0,0.79,3095,3095,3095,3095,14.14,14.14,0.0,20
58.0,764.2611261636239,764.2611261636239,100.0,-0.0,0.79,3035,3035,3035,3035,14.14,14.14,0.0,20
58.1,765.675339725997,765.675339725997,100.0,-0.0,0.79,3095,3095,3095,3095,14.14,14.14,0.0,20
58.2,767.0895532883701,767.0895532883701,100.0,-0.0,0.79,3035,3035,3035,3035,14.14,14.14,0.0,20
58.3,768.5037668507432,768.5037668507432,100.0,-0.0,0.79,3095,3095,3095,3095,14.14,14.14,0.0,20
58.4,769.9179804131163,769.9179804131163,100.0,-0.0,0.79,3035,3035,3035,3035,14.14,14.14,0.0,20
58.5,771.3321939754894,771.3321939754894,100.0,-0.0,0.79,3095,3095,3095,3095,14.14,14.14,0.0,20
58.6,772.7464075378625,772.7464075378625,100.0,-0.0,0.79,3035,3035,3035,3035,14.14,14.14,0.0,20
58.7,774.1606211002356,774.1606211002356,100.0,-0.0,0.79,3095,3095,3095,3095,14.14,14.14,0.0,20
58.8,775.5748346626087,775.5748346626087,100.0,-0.0,0.79,3035,3035,3035,3035,14.14,14.14,0.0,20
58.9,776.9890482249818,776.9890482249818,100.0,-0.0,0.79,3095,3095,3095,3095,14.14,14.14,0.0,20
59.0,778.403261787355,778.403261787355,100.0,-0.0,0.79,3035,3035,3035,3035,14.14,14.14,0.0,20
59.1,779.817475349728,779.817475349728,100.0,-0.0,0.79,3095,3095,3095,3095,14.14,14.14,0.0,20
59.2,781.2316889121012,781.2316889121012,100.0,-0.0,0.79,3035,3035,3035,3035,14.14,14.14,0.0,20
59.3,782.6459024744743,782.6459024744743,100.0,-0.0,0.79,3095,3095,3095,3095,14.14,14.14,0.0,20
59.4,784.0601160368474,784.0601160368474,100.0,-0.0,0.79,3035,3035,3035,3035,14.14,14.14,0.0,20
59.5,785.4743295992205,785.4743295992205,100.0,-0.0,0.79,3095,3095,3095,3095,14.14,14.14,0.0,20
59.6,786.8885431615936,786.8885431615936,100.0,-0.0,0.79,3035,3035,3035,3035,14.14,14.14,0.0,20
59.7,788.3027567239667,788.3027567239667,100.0,-0.0,0.79,3095,3095,3095,3095,14.14,14.14,0.0,20
59.8,789.7169702863398,789.7169702863398,100.0,-0.0,0.79,3035,3035,3035,3035,14.14,14.14,0.0,20
59.9,791.1311838487129,791.1311838487129,100.0,-0.0,0.79,3095,3095,3095,3095,14.14,14.14,0.0,20
60.0,792.545397411086,792.545397411086,100.0,-0.0,0.79,3035,3035,3035,3035,14.14,14.14,0.0,20
60.1,793.9596109734591,793.9596109734591,100.0,-0.0,0.79,3095,3095,3095,3095,14.14,14.14,0.0,20
60.2,795.3738245358322,795.3738245358322,100.0,-0.0,0.79,3035,3035,3035,3035,14.14,14.14,0.0,20
60.3,796.7880380982053,796.7880380982053,100.0,-0.0,0.79,3095,3095,3095,3095,14.14,14.14,0.0,20
60.4,798.2022516605784,798.2022516605784,100.0,-0.0,0.79,3035,3035,3035,3035,14.14,14.14,0.0,20
60.5,799.6164652229515,799.6164652229515,100.0,-0.0,0.79,3095,3095,3095,3095,14.14,14.14,0.0,20
60.6,801.0306787853247,801.0306787853247,100.0,-0.0,0.79,3035,3035,3035,3035,14.14,14.14,0.0,20
60.7,802.4448923476978,802.4448923476978,100.0,-0.0,0.79,3095,3095,3095,3095,14.14,14.14,0.0,20
60.8,803.8591059100709,803.8591059100709,100.0,-0.0,0.79,3035,3035,3035,3035,14.14,14.14,0.0,20
60.9,805.273319472444,805.273319472444,100.0,-0.0,0.79,3095,3095,3095,3095,14.14,14.14,0.0,20
61.0,806.6875330348171,806.6875330348171,100.0,-0.0,0.79,3035,3035,3035,3035,14.14,14.14,0.0,20
61.1,808.1017465971902,808.1017465971902,100.0,-0.0,0.79,3095,3095,3095,3095,14.14,14.14,0.0,20
61.2,809.5159601595633,809.5159601595633,100.0,-0.0,0.79,3035,3035,3035,3035,14.14,14.14,0.0,20
61.3,810.9301737219364,810.9301737219364,100.0,-0.0,0.79,3095,3095,3095,3095,14.14,14.14,0.0,20
61.4,812.3443872843095,812.3443872843095,100.0,-0.0,0.79,3035,3035,3035,3035,14.14,14.14,0.0,20
61.5,813.7586008466826,813.7586008466826,100.0,-0.0,0.79,3095,3095,3095,3095,14.14,14.14,0.0,20
61.6,815.1728144090557,815.1728144090557,100.0,-0.0,0.79,3035,3035,3035,3035,14.14,14.14,0.0,20
61.7,816.5870279714288,816.5870279714288,100.0,-0.0,0.79,3095,3095,3095,3095,14.14,14.14,0.0,20
61.8,818.0012415338019,818.0012415338019,100.0,-0.0,0.79,3035,3035,3035,3035,14.14,14.14,0.0,20
61.9,819.415455096175,819.415455096175,100.0,-0.0,0.79,3095,3095,3095,3095,14.14,14.14,0.0,20
62.0,820.8296686585481,820.8296686585481,100.0,-0.0,0.79,3035,3035,3035,3035,14.14,14.14,0.0,20
62.1,822.2438822209213,822.2438822209213,100.0,-0.0,0.79,3095,3095,3095,3095,14.14,14.14,0.0,20
62.2,823.6580957832944,823.6580957832944,100.0,-0.0,0.79,3035,3035,3035,3035,14.14,14.14,0.0,20
62.3,825.0723093456675,825.0723093456675,100.0,-0.0,0.79,3095,3095,3095,3095,14.14,14.14,0.0,20
62.4,826.4865229080406,826.4865229080406,100.0,-0.0,0.79,3035,3035,3035,3035,14.14,14.14,0.0,20
62.5,827.9007364704137,827.9007364704137,100.0,-0.0,0.79,3095,3095,3095,3095,14.14,14.14,0.0,20
62.6,829.3149500327868,829.3149500327868,100.0,-0.0,0.79,3035,3035,3035,3035,14.14,14.14,0.0,20
62.7,830.7291635951599,830.7291635951599,100.0,-0.0,0.79,3095,3095,3095,3095,14.14,14.14,0.0,20
62.8,832.143377157533,832.143377157533,100.0,-0.0,0.79,3035,3035,3035,3035,14.14,14.14,0.0,20
62.9,833.5575907199061,833.5575907199061,100.0,-0.0,0.79,3095,3095,3095,3095,14.14,14.14,0.0,20
63.0,834.9718042822792,834.9718042822792,100.0,-0.0,0.79,3035,3035,3035,3035,14.14,14.14,0.0,20
63.1,836.3860178446523,836.3860178446523,100.0,-0.0,0.79,3095,3095,3095,3095,14.14,14.14,0.0,20
63.2,837.8002314070254,837.8002314070254,100.0,-0.0,0.79,3035,3035,3035,3035,14.14,14.14,0.0,20
63.3,839.2144449693985,839.2144449693985,100.0,-0.0,0.79,3095,3095,3095,3095,14.14,14.14,0.0,20
63.4,840.6286585317716,840.6286585317716,100.0,-0.0,0.79,3035,3035,3035,3035,14.14,14.14,0.0,20
63.5,842.0428720941447,842.0428720941447,100.0,-0.0,0.79,3095,3095,3095,3095,14.14,14.14,0.0,20
63.6,843.4570856565178,843.4570856565178,100.0,-0.0,0.79,3035,3035,3035,3035,14.14,14.14,0.0,20
63.7,844.871299218891,844.871299218891,100.0,-0.0,0.79,3095,3095,3095,3095,14.14,14.14,0.0,20
63.8,846.2855127812641,846.2855127812641,100.0,-0.0,0.79,3035,3035,3035,3035,14.14,14.14,0.0,20
63.9,847.6997263436372,847.6997263436372,100.0,-0.0,0.79,3095,3095,3095,3095,14.14,14.14,0.0,20
64.0,849.1139399060103,849.1139399060103,100.0,-0.0,0.79,3035,3035,3035,3035,14.14,14.14,0.0,20
64.1,850.5281534683834,850.5281534683834,100.0,-0.0,0.79,3095,3095,3095,3095,14.14,14.14,0.0,20
64.2,851.9423670307565,851.9423670307565,100.0,-0.0,0.79,3035,3035,3035,3035,14.14,14.14,0.0,20
64.3,853.3565805931296,853.3565805931296,100.0,-0.0,0.79,3095,3095,3095,3095,14.14,14.14,0.0,20
64.4,854.7707941555027,854.7707941555027,100.0,-0.0,0.79,3035,3035,3035,3035,14.14,14.14,0.0,20
64.5,856.1850077178758,856.1850077178758,100.0,-0.0,0.79,3095,3095,3095,3095,14.14,14.14,0.0,20
64.6,857.5992212802489,857.5992212802489,100.0,-0.0,0.79,3035,3035,3035,3035,14.14,14.14,0.0,20
64.7,859.013434842622,859.013434842622,100.0,-0.0,0.79,3095,3095,3095,3095,14.14,14.14,0.0,20
64.8,860.4276484049951,860.4276484049951,100.0,-0.0,0.79,3035,3035,3035,3035,14.14,14.14,0.0,20
64.9,861.8418619673682,861.8418619673682,100.0,-0.0,0.79,3095,3095,3095,3095,14.14,14.14,0.0,20
65.0,863.2560755297413,863.2560755297413,100.0,-0.0,0.79,3035,3035,3035,3035,14.14,14.14,0.0,20
65.1,864.6702890921144,864.6702890921144,100.0,-0.0,0.79,3095,3095,3095,3095,14.14,14.14,0.0,20
65.2,866.0845026544876,866.0845026544876,100.0,-0.0,0.79,3035,3035,3035,3035,14.14,14.14,0.0,20
65.3,867.4987162168607,867.4987162168607,100.0,-0.0,0.79,3095,3095,3095,3095,14.14,14.14,0.0,20
65.4,868.7817301004205,868.7817301004205,100.0,-0.0,0.79,3035,3035,3035,3035,12.83,12.83,0.0,20
65.5,869.8936754661725,869.8936754661725,100.0,-0.0,0.79,2975,2975,2975,2975,11.12,11.12,0.0,20
65.6,870.8573614498241,870.8573614498241,100.0,-0.0,0.79,2915,2915,2915,2915,9.64,9.64,0.0,20
65.7,871.6925559689888,871.6925559689888,100.0,-0.0,0.79,2952,2952,2952,2952,8.35,8.35,0.0,20
65.8,872.778308843903,872.778308843903,100.0,-0.0,0.79,3012,3012,3012,3012,10.86,10.86,0.0,20
65.9,873.6469111438344,873.6469111438344,100.0,-0.0,0.79,2952,2952,2952,2952,8.69,8.69,0.0,20
66.0,874.3417929837794,874.3417929837794,100.0,-0.0,0.79,2892,2892,2892,2892,6.95,6.95,0.0,20
66.1,874.8976984557355,874.8976984557355,100.0,-0.0,0.79,2832,2832,2832,2832,5.56,5.56,0.0,20
66.2,875.3424228333004,875.3424228333004,100.0,-0.0,0.79,2772,2772,2772,2772,4.45,4.45,0.0,20
66.3,875.8351714686723,875.8351714686723,100.0,-0.0,0.79,2832,2832,2832,2832,4.93,4.93,0.0,20
66.4,876.4264698311188,876.4264698311188,100.0,-0.0,0.79,2892,2892,2892,2892,5.91,5.91,0.0,20
66.5,877.1360278660544,877.1360278660544,100.0,-0.0,0.79,2875,2875,2875,2875,7.1,7.1,0.0,20
66.6,877.9874975079772,877.9874975079772,100.0,-0.0,0.79,2935,2935,2935,2935,8.51,8.51,0.0,20
66.7,879.0092610782846,879.0092610782846,100.0,-0.0,0.79,2995,2995,2995,2995,10.22,10.22,0.0,20
66.8,880.2353773626534,880.2353773626534,100.0,-0.0,0.79,3055,3055,3055,3055,12.26,12.26,0.0,20
66.9,881.6495909250265,881.6495909250265,100.0,-0.0,0.79,3115,3115,3115,3115,14.14,14.14,0.0,20
67.0,883.0638044873996,883.0638044873996,100.0,-0.0,0.79,3055,3055,3055,3055,14.14,14.14,0.0,20
67.1,884.4780180497727,884.4780180497727,100.0,-0.0,0.79,3115,3115,3115,3115,14.14,14.14,0.0,20
67.2,885.8922316121458,885.8922316121458,100.0,-0.0,0.79,3055,3055,3055,3055,14.14,14.14,0.0,20
67.3,887.3064451745189,887.3064451745189,100.0,-0.0,0.79,3115,3115,3115,3115,14.14,14.14,0.0,20
67.4,888.720658736892,888.720658736892,100.0,-0.0,0.79,3055,3055,3055,3055,14.14,14.14,0.0,20
67.5,890.1348722992651,890.1348722992651,100.0,-0.0,0.79,3115,3115,3115,3115,14.14,14.14,0.0,20
67.6,891.5490858616382,891.5490858616382,100.0,-0.0,0.79,3055,3055,3055,3055,14.14,14.14,0.0,20
67.7,892.9632994240113,892.9632994240113,100.0,-0.0,0.79,3115,3115,3115,3115,14.14,14.14,0.0,20
67.8,894.3775129863844,894.3775129863844,100.0,-0.0,0.79,3055,3055,3055,3055,14.14,14.14,0.0,20
67.9,895.7917265487575,895.7917265487575,100.0,-0.0,0.79,3115,3115,3115,3115,14.14,14.14,0.0,20
68.0,897.2059401111306,897.2059401111306,100.0,-0.0,0.79,3055,3055,3055,3055,14.14,14.14,0.0,20
68.1,898.6201536735038,898.6201536735038,100.0,-0.0,0.79,3115,3115,3115,3115,14.14,14.14,0.0,20
68.2,900.0343672358769,900.0343672358769,100.0,-0.0,0.79,3055,3055,3055,3055,14.14,14.14,0.0,20
68.3,901.44858079825,901.44858079825,100.0,-0.0,0.79,3115,3115,3115,3115,14.14,14.14,0.0,20
68.4,902.8627943606231,902.8627943606231,100.0,-0.0,0.79,3055,3055,3055,3055,14.14,14.14,0.0,20
68.5,904.2770079229962,904.2770079229962,100.0,-0.0,0.79,3115,3115,3115,3115,14.14,14.14,0.0,20
68.6,905.6912214853693,905.6912214853693,100.0,-0.0,0.79,3055,3055,3055,3055,14.14,14.14,0.0,20
68.7,907.1054350477424,907.1054350477424,100.0,-0.0,0.79,3115,3115,3115,3115,14.14,14.14,0.0,20
68.8,908.5196486101155,908.5196486101155,100.0,-0.0,0.79,3055,3055,3055,3055,14.14,14.14,0.0,20
68.9,909.9338621724886,909.9338621724886,100.0,-0.0,0.79,3115,3115,3115,3115,14.14,14.14,0.0,20
69.0,911.3480757348617,911.3480757348617,100.0,-0.0,0.79,3055,3055,3055,3055,14.14,14.14,0.0,20
69.1,912.7622892972348,912.7622892972348,100.0,-0.0,0.79,3115,3115,3115,3115,14.14,14.14,0.0,20
69.2,914.1765028596079,914.1765028596079,100.0,-0.0,0.79,3055,3055,3055,3055,14.14,14.14,0.0,20
69.3,915.590716421981,915.590716421981,100.0,-0.0,0.79,3115,3115,3115,3115,14.14,14.14,0.0,20
69.4,917.0049299843541,917.0049299843541,100.0,-0.0,0.79,3055,3055,3055,3055,14.14,14.14,0.0,20
69.5,918.4191435467272,918.4191435467272,100.0,-0.0,0.79,3115,3115,3115,3115,14.14,14.14,0.0,20
69.6,919.8333571091003,919.8333571091003,100.0,-0.0,0.79,3055,3055,3055,3055,14.14,14.14,0.0,20
69.7,921.2475706714735,921.2475706714735,100.0,-0.0,0.79,3115,3115,3115,3115,14.14,14.14,0.0,20
69.8,922.6617842338466,922.6617842338466,100.0,-0.0,0.79,3055,3055,3055,3055,14.14,14.14,0.0,20
69.9,924.0759977962197,924.0759977962197,100.0,-0.0,0.79,3115,3115,3115,3115,14.14,14.14,0.0,20
70.0,925.4902113585928,925.4902113585928,100.0,-0.0,0.79,3055,3055,3055,3055,14.14,14.14,0.0,20
70.1,926.9044249209659,926.9044249209659,100.0,-0.0,0.79,3115,3115,3115,3115,14.14,14.14,0.0,20
70.2,928.318638483339,928.318638483339,100.0,-0.0,0.79,3055,3055,3055,3055,14.14,14.14,0.0,20
70.3,929.7328520457121,929.7328520457121,100.0,-0.0,0.79,3115,3115,3115,3115,14.14,14.14,0.0,20
70.4,931.1470656080852,931.1470656080852,100.0,-0.0,0.79,3055,3055,3055,3055,14.14,14.14,0.0,20
70.5,932.5612791704583,932.5612791704583,100.0,-0.0,0.79,3115,3115,3115,3115,14.14,14.14,0.0,20
70.6,933.9754927328314,933.9754927328314,100.0,-0.0,0.79,3055,3055,3055,3055,14.14,14.14,0.0,20
70.7,935.3897062952045,935.3897062952045,100.0,-0.0,0.79,3115,3115,3115,3115,14.14,14.14,0.0,20
70.8,936.8039198575776,936.8039198575776,100.0,-0.0,0.79,3055,3055,3055,3055,14.14,14.14,0.0,20
70.9,938.2181334199507,938.2181334199507,100.0,-0.0,0.79,3115,3115,3115,3115,14.14,14.14,0.0,20
71.0,939.6323469823238,939.6323469823238,100.0,-0.0,0.79,3055,3055,3055,3055,14.14,14.14,0.0,20
71.1,941.046560544697,941.046560544697,100.0,-0.0,0.79,3115,3115,3115,3115,14.14,14.14,0.0,20
71.2,942.46077410707,942.46077410707,100.0,-0.0,0.79,3055,3055,3055,3055,14.14,14.14,0.0,20
71.3,943.8749876694432,943.8749876694432,100.0,-0.0,0.79,3115,3115,3115,3115,14.14,14.14,0.0,20
71.4,945.2892012318163,945.2892012318163,100.0,-0.0,0.79,3055,3055,3055,3055,14.14,14.14,0.0,20
71.5,946.7034147941894,946.7034147941894,100.0,-0.0,0.79,3115,3115,3115,3115,14.14,14.14,0.0,20
71.6,948.1176283565625,948.1176283565625,100.0,-0.0,0.79,3055,3055,3055,3055,14.14,14.14,0.0,20
71.7,949.5318419189356,949.5318419189356,100.0,-0.0,0.79,3115,3115,3115,3115,14.14,14.14,0.0,20
71.8,950.9460554813087,950.9460554813087,100.0,-0.0,0.79,3055,3055,3055,3055,14.14,14.14,0.0,20
71.9,952.3602690436818,952.3602690436818,100.0,-0.0,0.79,3115,3115,3115,3115,14.14,14.14,0.0,20
72.0,953.7744826060549,953.7744826060549,100.0,-0.0,0.79,3055,3055,3055,3055,14.14,14.14,0.0,20
72.1,955.188696168428,955.188696168428,100.0,-0.0,0.79,3115,3115,3115,3115,14.14,14.14,0.0,20
72.2,956.6029097308011,956.6029097308011,100.0,-0.0,0.79,3055,3055,3055,3055,14.14,14.14,0.0,20
72.3,958.0171232931742,958.0171232931742,100.0,-0.0,0.79,3115,3115,3115,3115,14.14,14.14,0.0,20
72.4,959.4313368555473,959.4313368555473,100.0,-0.0,0.79,3055,3055,3055,3055,14.14,14.14,0.0,20
72.5,960.8455504179204,960.8455504179204,100.0,-0.0,0.79,3115,3115,3115,3115,14.14,14.14,0.0,20
72.6,962.2597639802935,962.2597639802935,100.0,-0.0,0.79,3055,3055,3055,3055,14.14,14.14,0.0,20
72.7,963.6739775426666,963.6739775426666,100.0,-0.0,0.79,3115,3115,3115,3115,14.14,14.14,0.0,20
72.8,965.0881911050398,965.0881911050398,100.0,-0.0,0.79,3055,3055,3055,3055,14.14,14.14,0.0,20
72.9,966.5024046674129,966.5024046674129,100.0,-0.0,0.79,3115,3115,3115,3115,14.14,14.14,0.0,20
73.0,967.916618229786,967.916618229786,100.0,-0.0,0.79,3055,3055,3055,3055,14.14,14.14,0.0,20
73.1,969.3308317921591,969.3308317921591,100.0,-0.0,0.79,3115,3115,3115,3115,14.14,14.14,0.0,20
73.2,970.7450453545322,970.7450453545322,100.0,-0.0,0.79,3055,3055,3055,3055,14.14,14.14,0.0,20
73.3,972.1592589169053,972.1592589169053,100.0,-0.0,0.79,3115,3115,3115,3115,14.14,14.14,0.0,20
73.4,973.5734724792784,973.5734724792784,100.0,-0.0,0.79,3055,3055,3055,3055,14.14,14.14,0.0,20
73.5,974.9876860416515,974.9876860416515,100.0,-0.0,0.79,3115,3115,3115,3115,14.14,14.14,0.0,20
73.6,976.4018996040246,976.4018996040246,100.0,-0.0,0.79,3055,3055,3055,3055,14.14,14.14,0.0,20
73.7,977.8161131663977,977.8161131663977,100.0,-0.0,0.79,3115,3115,3115,3115,14.14,14.14,0.0,20
73.8,979.2303267287708,979.2303267287708,100.0,-0.0,0.79,3055,3055,3055,3055,14.14,14.14,0.0,20
73.9,980.6445402911439,980.6445402911439,100.0,-0.0,0.79,3115,3115,3115,3115,14.14,14.14,0.0,20
74.0,982.058753853517,982.058753853517,100.0,-0.0,0.79,3055,3055,3055,3055,14.14,14.14,0.0,20
74.1,983.4729674158901,983.4729674158901,100.0,-0.0,0.79,3115,3115,3115,3115,14.14,14.14,0.0,20
74.2,984.8871809782632,984.8871809782632,100.0,-0.0,0.79,3055,3055,3055,3055,14.14,14.14,0.0,20
74.3,986.3013945406364,986.3013945406364,100.0,-0.0,0.79,3115,3115,3115,3115,14.14,14.14,0.0,20
74.4,987.7156081030095,987.7156081030095,100.0,-0.0,0.79,3055,3055,3055,3055,14.14,14.14,0.0,20
74.5,989.1298216653826,989.1298216653826,100.0,-0.0,0.79,3115,3115,3115,3115,14.14,14.14,0.0,20
74.6,990.5440352277557,990.5440352277557,100.0,-0.0,0.79,3055,3055,3055,3055,14.14,14.14,0.0,20
74.7,991.9582487901288,991.9582487901288,100.0,-0.0,0.79,3115,3115,3115,3115,14.14,14.14,0.0,20
74.8,993.313324997253,993.313324997253,100.0,-0.0,0.79,3055,3055,3055,3055,13.55,13.55,0.0,20
74.9,994.4877243767605,994.4877243767605,100.0,-0.0,0.79,2995,2995,2995,2995,11.74,11.74,0.0,20
75.0,995.5055371723338,995.5055371723338,100.0,-0.0,0.79,2935,2935,2935,2935,10.18,10.18,0.0,20
75.1,996.3876415951639,996.3876415951639,100.0,-0.0,0.79,2934,2934,2934,2934,8.82,8.82,0.0,20
75.2,997.15213209495,997.15213209495,100.0,-0.0,0.79,2874,2874,2874,2874,7.64,7.64,0.0,20
